ID,rs16966703,rs10816533,rs7859940,rs2793701,rs7606245,Height
HG01914,1,0,2,0,1,184.38
HG01985,0,1,1,1,1,174.55
HG01986,1,2,2,0,1,175.2
HG02013,1,1,2,1,1,167.59
HG02051,0,0,2,0,0,182.53
HG01879,1,1,1,2,1,189.24
HG01880,0,2,2,0,1,161.01
HG01896,1,1,1,1,1,169.16
HG01915,0,0,2,1,0,180.84
HG01958,0,1,2,0,0,179.29
HG01882,1,1,0,1,0,179.43
HG01883,1,0,0,0,0,177.8
HG01990,1,1,1,2,0,174.04
HG02012,1,0,1,0,1,172.94
HG02053,1,1,1,2,1,172.88
HG01889,1,2,2,1,1,159.97
HG01890,0,1,1,1,0,183.17
HG02009,0,1,2,0,2,195.61
HG02010,0,1,2,0,1,175.2
HG02281,1,1,2,1,1,173.39
HG02282,1,0,0,1,0,170.7
HG01912,0,0,2,0,1,176.83
HG01894,0,1,1,1,1,178.85
HG01988,0,0,0,0,0,179.71
HG01989,0,0,1,1,0,164.32
HG02433,1,1,1,1,2,176.13
HG02442,0,1,2,0,0,180.38
HG02445,0,2,2,0,1,165.59
HG02256,0,0,0,1,1,177.68
HG02255,1,2,2,0,1,178.7
HG02054,1,1,1,2,1,182.44
HG02439,0,2,1,0,0,176.14
HG02455,0,0,1,2,0,183.38
HG02476,0,0,0,1,0,180.17
HG02477,0,1,2,2,1,180.96
HG02481,1,0,1,1,1,175.17
HG02577,2,0,2,1,2,171.44
HG02545,0,2,1,1,1,174.57
HG02546,1,1,2,0,1,179.99
HG02557,1,0,1,1,1,181.53
HG02558,0,2,2,1,2,166.52
HG02537,1,1,1,1,1,180.88
HG02541,1,2,2,1,0,175.54
HG02549,1,1,2,0,0,182.78
HG02554,1,1,1,0,0,176.31
HG02555,1,1,1,2,1,177.06
HG02580,0,1,2,1,1,171.31
HG02014,1,2,2,2,0,162.48
HG02470,1,1,1,0,1,190.71
HG02489,0,2,2,1,1,172.05
HG02449,1,1,1,0,1,186.18
HG02450,2,0,0,1,0,172.39
HG02471,0,1,2,0,0,183.3
HG01886,1,2,2,1,1,162.61
HG02419,1,2,2,1,1,174.52
HG02323,1,1,1,0,2,190.31
HG02339,1,0,2,0,1,188.87
HG02108,0,1,2,2,0,182.3
HG02307,0,1,2,2,2,180.2
HG02325,2,1,2,1,1,182.25
HG02095,0,1,1,1,1,179.27
HG02337,1,1,1,0,1,178.67
HG02144,1,0,1,1,0,174.5
HG02420,0,1,1,0,1,177.7
HG02332,0,2,2,0,0,189.96
HG02107,2,0,0,0,0,182.47
HG02343,1,1,1,1,1,172.36
HG02308,1,1,1,0,2,181.31
HG02314,0,0,0,1,0,184.05
HG02330,0,2,2,1,0,176.09
HG02334,1,2,2,0,0,175.19
HG02309,0,0,1,0,2,173.33
HG02315,0,1,2,2,0,180.26
HG02283,1,2,2,2,1,170.1
HG02143,0,0,2,1,1,181.71
HG02052,1,1,1,1,0,173.13
HG02322,0,1,2,1,1,187.84
HG02111,1,2,1,0,0,185.33
HG02284,0,1,1,1,2,188.21
HG01885,1,1,2,0,0,185.68
HG01956,1,1,2,1,1,172.25
HG02429,0,0,1,1,0,174.98
HG02427,1,1,2,1,2,179.81
HG02317,1,1,0,0,1,182.37
HG02496,1,0,1,1,1,173.9
HG02318,1,1,1,2,0,162.53
HG02497,1,1,1,1,1,187.18
HG02508,0,2,1,2,1,182.63
HG02485,2,0,0,0,1,183.52
HG02479,0,1,2,1,1,180.22
HG02484,1,1,2,1,2,169.95
HG02511,1,1,1,0,0,196.6
HG02501,1,2,1,1,2,160.62
HG02536,0,0,2,2,1,188.88
HG02505,0,2,2,0,0,165.76
HG02502,0,0,2,0,0,161.32
NA20357,0,1,1,1,1,178.48
NA20359,0,1,2,1,0,180.86
NA19913,1,0,0,1,0,175.11
NA20274,0,0,0,0,1,187.09
NA20318,0,0,2,1,0,170.93
NA20320,0,0,0,0,0,182.83
NA20321,0,0,0,0,1,192.96
NA20355,0,0,0,1,1,186.47
NA20362,0,1,2,1,0,180.07
NA19914,2,0,1,0,2,178.69
NA19904,0,0,0,0,1,182.01
NA19901,1,1,2,1,0,178.24
NA19908,0,0,1,2,0,175.3
NA19921,0,2,2,0,0,174.74
NA19917,1,1,1,1,1,165.77
NA19909,2,1,2,1,1,183.05
NA19916,1,2,2,1,0,186.54
NA19920,1,1,2,1,1,179.7
NA19703,1,1,1,1,0,181.94
NA19704,0,1,1,1,2,172.7
NA19707,1,1,1,0,2,171.01
NA19701,0,0,1,1,2,187.18
NA19982,1,1,2,1,2,167.27
NA19625,1,1,2,1,1,174.85
NA19712,2,0,1,0,1,171.07
NA19711,0,1,1,2,2,172.66
NA19700,1,1,2,2,0,168.83
NA19818,1,1,2,0,0,184.34
NA19713,0,1,0,1,2,183.11
NA19900,0,0,2,1,1,193.52
NA19835,0,1,2,1,1,172.76
NA19834,1,1,1,0,2,168.88
NA19819,0,1,1,2,2,179.59
NA20346,1,0,1,0,1,187.27
NA20341,1,1,1,1,0,187.66
NA20291,0,0,1,0,1,181.31
NA20294,0,0,1,1,2,168.52
NA20317,0,0,1,2,0,182.34
NA20126,1,0,1,0,0,188.87
NA20278,1,0,1,1,1,188.66
NA20314,0,0,0,0,1,177.28
NA20344,1,1,1,2,1,172.03
NA20281,0,1,0,1,1,178.3
NA20287,0,0,1,1,2,178.96
NA20356,1,1,1,0,0,178.49
NA20296,0,0,0,2,2,183.72
NA20332,0,1,0,1,1,178.77
NA20276,1,1,1,1,0,169.55
NA20282,0,0,0,1,0,173.29
NA19985,1,1,0,1,2,180.92
NA20336,0,0,1,2,0,176.53
NA20322,0,0,0,0,0,179.4
NA20289,1,2,2,1,0,173.31
NA20299,1,0,1,0,1,183.09
NA20334,0,1,1,2,0,176.97
NA20127,1,1,0,1,0,190.61
NA20342,2,1,2,0,2,182.11
NA20340,1,1,1,0,1,185.22
NA20348,1,1,1,0,2,184.76
NA20351,0,0,0,1,2,184.97
NA19922,1,1,1,0,0,176.96
NA20339,1,1,1,0,0,180.37
NA19984,0,0,0,1,0,174.96
NA19923,1,0,2,0,1,180.45
NA20298,0,0,0,0,0,183.21
NA20412,0,0,1,0,0,177.23
HG04146,0,0,0,0,1,175.57
HG03589,0,0,0,0,0,164.31
HG04159,1,0,0,0,0,188.56
HG03593,0,0,0,0,0,181.82
HG04186,0,1,1,0,2,175.21
HG03598,0,0,0,0,1,193.05
HG03809,1,0,0,0,1,180.67
HG03808,0,0,0,1,1,175.31
HG03009,0,2,2,0,0,171.59
HG03812,0,1,1,1,0,177.48
HG03817,0,0,0,1,0,168.63
HG03902,0,0,0,0,2,190.83
HG03012,0,0,0,1,1,177.43
HG03905,0,0,0,1,0,171.55
HG03911,0,0,0,1,0,181.15
HG03910,0,0,0,0,0,185.71
HG03919,0,1,1,1,0,177.44
HG03928,1,1,1,0,0,181.55
HG03931,0,0,0,0,0,167.35
HG03585,0,0,0,0,0,185.4
HG03937,0,0,0,1,0,171.09
HG03934,0,0,0,1,1,176.36
HG03814,0,1,1,1,2,183.19
HG03805,0,0,0,1,0,178.66
HG03908,0,0,0,2,0,189.99
HG03907,0,0,0,0,0,172.2
HG03926,0,0,0,0,1,180.06
HG03925,0,1,1,0,1,169.17
HG03594,0,0,0,0,0,167.4
HG03595,0,1,1,1,0,181.18
HG03833,1,0,0,1,1,173.7
HG03832,0,0,0,1,1,184.64
HG03914,0,0,0,0,1,172.15
HG03913,0,0,0,1,1,179.16
HG03941,0,0,0,0,0,183.27
HG03940,0,0,0,0,0,186.02
HG04155,0,1,1,0,0,169.58
HG04156,0,0,0,2,0,187.34
HG03916,1,0,0,1,0,173.69
HG03824,0,0,0,2,0,179.48
HG03823,0,0,0,1,1,185.3
HG03826,0,0,0,0,0,176.72
HG03830,0,0,0,1,1,170.57
HG03829,0,1,1,0,0,176.94
HG03607,0,1,1,1,0,177.03
HG04144,1,1,1,1,0,173.98
HG04152,0,0,0,0,0,184.13
HG04153,1,1,1,2,1,181.66
HG04161,0,0,0,1,1,174.66
HG03600,0,1,1,1,0,171.4
HG03603,0,1,1,1,0,187.96
HG03604,0,0,0,0,1,180.33
HG03611,0,0,0,1,0,183.72
HG03917,0,0,0,0,0,180.07
HG03920,0,1,1,0,1,191.72
HG03922,0,2,2,0,0,150.62
HG04162,0,0,0,0,1,165.33
HG04164,0,1,1,1,2,183.48
HG04171,0,0,0,0,0,177.35
HG04176,0,0,0,0,2,170.71
HG04177,0,1,1,1,0,186.18
HG04180,0,0,0,0,2,178.55
HG04188,0,0,0,0,0,183.74
HG04189,0,0,0,0,0,177.05
HG04194,0,1,1,1,2,180.56
HG04195,0,0,0,0,1,173.66
HG03616,0,0,0,1,2,180.2
HG03815,0,0,0,0,1,177.76
HG03006,0,0,0,0,1,181.37
HG03803,0,0,0,0,0,177.0
HG03802,0,0,0,0,1,177.32
HG03793,0,0,0,0,0,183.75
HG03800,0,0,0,0,0,176.77
HG03796,0,2,2,1,0,184.54
HG03615,0,0,0,1,1,166.89
HG03007,0,0,0,0,1,181.67
HG04185,0,0,0,0,0,165.86
HG04158,0,0,0,1,0,176.29
HG04134,0,0,0,0,1,167.3
HG04173,0,0,0,1,0,195.57
HG04183,0,0,0,0,1,170.68
HG04182,0,0,0,0,1,182.08
HG03821,0,0,0,1,1,195.37
HG04131,0,0,0,0,1,172.7
HG04140,0,0,0,0,0,189.01
HG04141,0,0,0,0,1,181.12
HG00844,0,1,1,0,0,161.74
HG00851,0,0,0,0,0,182.65
HG00864,0,0,0,0,0,171.17
HG00879,0,2,2,0,0,185.35
HG01031,0,0,0,0,1,169.21
HG01794,0,0,0,0,0,191.61
HG01795,0,1,1,1,0,181.94
HG01796,0,1,1,0,0,175.5
HG01797,0,1,1,0,0,175.96
HG01798,0,2,2,0,1,163.52
HG01799,0,0,0,0,1,179.03
HG01800,0,1,1,0,0,177.73
HG01801,0,0,0,1,0,175.97
HG01802,0,2,2,1,0,171.45
HG01804,0,0,0,0,1,173.74
HG01805,0,1,1,0,1,168.49
HG01806,0,1,1,0,0,175.63
HG01807,0,0,0,0,1,158.6
HG01808,0,0,0,0,0,178.85
HG01811,0,2,2,0,0,180.65
HG01812,0,0,0,0,0,182.36
HG01813,0,0,0,0,0,174.25
HG01815,0,1,1,0,0,181.75
HG01816,0,1,1,0,0,170.65
HG01817,0,0,0,1,1,184.0
HG02151,0,0,0,0,1,174.27
HG02250,0,1,1,0,1,177.26
HG02351,0,1,1,0,0,182.57
HG02353,0,1,1,0,1,170.19
HG02355,0,0,0,1,0,180.09
HG02356,0,1,1,0,0,177.24
HG02360,0,1,1,0,0,182.04
HG02363,1,2,2,0,0,163.95
HG02364,0,1,1,0,0,177.42
HG02367,0,1,1,0,0,161.77
HG02371,0,0,0,0,1,179.56
HG02372,0,1,1,0,1,177.48
HG02373,0,0,0,1,0,189.09
HG02374,0,0,0,0,0,180.29
HG02375,0,0,0,0,0,175.64
HG02377,0,1,1,0,2,182.07
HG02379,0,1,1,0,1,183.37
HG02380,0,1,1,0,1,180.92
HG02381,0,0,0,0,0,189.61
HG02382,0,1,1,0,0,165.44
HG02383,0,0,0,1,0,172.02
HG02384,0,1,1,0,0,175.03
HG02385,0,1,1,0,0,166.3
HG02386,0,0,0,0,1,182.98
HG02387,0,0,0,0,0,178.64
HG02388,0,0,0,0,0,197.53
HG02389,0,0,0,0,0,183.41
HG02390,0,1,1,0,0,179.69
HG02391,0,0,0,1,0,181.05
HG02392,0,1,1,0,0,169.38
HG02394,0,2,2,0,0,169.12
HG02395,0,0,0,0,0,177.28
HG02396,0,1,1,0,0,191.49
HG02397,0,1,1,0,0,177.76
HG02398,0,1,2,0,0,184.17
HG02399,0,0,0,0,0,183.5
HG02401,0,1,1,0,0,186.97
HG02402,0,0,0,1,1,180.26
HG02406,1,1,1,0,0,176.77
HG02407,0,0,0,0,1,171.57
HG02409,0,0,0,0,0,180.24
HG01809,0,1,1,0,0,169.74
HG01810,1,1,1,0,1,173.59
HG00881,0,1,1,1,0,175.24
HG00982,0,2,2,0,0,182.47
HG01028,0,0,0,0,1,178.59
HG01029,0,0,0,0,1,184.98
HG02152,0,0,0,0,2,183.86
HG02153,0,1,1,0,0,183.43
HG02155,0,0,0,0,0,176.89
HG02156,1,1,1,0,0,177.79
HG02164,0,1,1,0,1,193.23
HG02165,0,0,0,0,0,181.63
HG02166,1,1,1,0,0,183.12
HG02178,0,1,1,0,1,175.64
HG02184,0,1,1,1,0,175.54
HG02182,0,1,1,0,1,188.52
HG02181,0,0,0,0,1,178.56
HG02185,0,0,0,0,1,175.71
HG02186,0,1,1,0,1,191.77
HG02187,0,1,1,0,0,173.89
HG02188,0,0,0,0,0,176.16
HG02190,0,1,1,0,0,183.62
HG00759,0,1,1,0,0,178.83
HG00956,0,0,0,0,0,174.91
HG00978,1,1,1,0,0,161.31
HG01046,1,0,0,0,0,178.94
HG02154,1,2,2,1,0,179.93
HG02179,0,1,1,0,1,200.55
HG02180,0,0,0,0,0,171.15
HG00766,0,1,1,0,0,170.68
HG00867,0,2,2,0,1,171.11
HG02408,0,0,0,0,0,179.56
HG02410,0,1,1,0,0,176.06
NA12546,0,0,0,1,0,171.92
NA12347,0,0,0,0,0,179.61
NA07056,0,0,0,0,0,183.08
NA12777,0,0,0,0,0,174.33
NA12275,0,0,0,1,1,182.26
NA11892,0,0,0,0,1,183.37
NA12775,0,0,0,0,1,180.92
NA12348,0,0,0,1,0,167.89
NA11893,0,0,0,0,1,178.83
NA12383,0,0,0,2,1,179.06
NA12778,0,0,0,1,1,181.65
NA12273,1,0,0,1,0,180.11
NA12272,1,1,1,0,0,193.28
NA12718,0,0,0,1,0,181.88
NA11931,0,0,0,2,1,180.3
NA12413,0,0,0,1,0,169.78
NA12749,0,0,0,1,0,179.48
NA12827,0,0,0,0,1,173.9
NA12828,0,0,0,0,0,181.49
NA07037,0,0,0,1,1,189.18
NA11894,0,1,1,2,1,168.41
NA11932,1,0,0,1,0,173.85
NA11933,1,0,0,1,0,165.3
NA12287,0,0,0,0,0,171.88
NA12776,0,0,0,0,1,185.53
NA06985,0,1,1,0,0,180.2
NA11881,0,0,0,1,0,177.57
NA07000,1,0,0,1,1,177.33
NA12489,1,0,0,0,1,181.2
NA12044,0,0,0,1,0,179.24
NA12004,0,0,0,1,0,186.55
NA12006,1,0,0,1,1,171.33
NA12144,0,0,0,0,1,175.92
NA11930,1,0,0,1,1,170.74
NA12282,1,0,0,0,0,182.9
NA12234,0,0,0,1,1,179.13
NA12286,0,0,0,0,0,174.02
NA12748,0,0,0,1,1,176.91
NA12830,0,0,0,2,0,191.83
NA12829,0,0,0,0,1,176.26
NA12843,0,0,0,1,1,176.22
NA12842,0,0,0,0,0,180.1
NA12889,1,0,0,1,1,177.19
NA12890,0,0,0,0,1,183.87
NA12046,0,1,1,2,0,173.47
NA12283,0,0,0,1,0,182.96
NA07357,0,0,0,1,0,178.38
NA10851,0,0,0,1,0,184.59
NA12043,0,0,0,1,0,183.98
NA10847,1,0,0,0,0,174.5
NA12750,0,0,0,0,0,172.82
NA12716,0,0,0,1,0,183.88
NA12717,0,0,0,0,0,189.1
NA12751,0,0,0,1,1,179.52
NA12761,1,0,0,1,0,162.02
NA12763,0,0,0,1,1,184.37
NA11832,0,0,0,1,1,178.33
NA11992,0,0,0,1,1,184.52
NA11829,0,0,0,1,0,173.13
NA06986,0,0,0,1,0,189.44
NA11831,1,0,0,1,2,179.42
NA11919,1,0,0,0,2,190.68
NA12003,1,0,0,1,1,180.63
NA12045,1,0,0,1,0,189.88
NA11920,0,0,0,2,0,176.48
NA11994,0,0,0,0,0,178.49
NA11830,0,0,0,1,0,179.39
NA07347,0,0,0,0,0,190.01
NA07051,0,0,0,1,0,168.04
NA12155,0,0,0,0,0,185.8
NA12154,0,0,0,0,1,185.41
NA12399,0,0,0,1,1,177.56
NA12400,1,0,0,0,1,183.04
NA07048,0,0,0,1,1,183.73
NA06989,0,0,0,1,0,170.31
NA12341,0,0,0,2,1,183.93
NA11843,0,0,0,1,0,181.74
NA12058,1,0,0,2,1,187.66
NA06984,0,0,0,1,1,181.39
NA12340,0,0,0,1,1,192.43
NA12342,0,0,0,0,0,170.53
NA12249,0,0,0,1,0,178.59
NA06994,0,0,0,0,1,187.4
NA11840,0,0,0,2,0,175.31
NA12760,0,1,1,0,1,181.56
NA12878,0,0,0,0,1,182.47
NA11918,2,0,1,2,0,174.6
NA12005,0,0,0,1,0,161.74
NA11995,0,0,0,0,0,179.57
NA12414,0,0,0,1,0,191.78
NA12762,0,0,0,0,1,185.66
NA12813,0,0,0,1,1,181.03
NA12156,0,0,0,0,1,178.53
NA12873,0,0,0,0,0,182.95
NA12812,0,0,0,1,1,165.69
NA12814,0,0,0,1,1,175.62
NA12815,0,0,0,0,1,178.43
NA12872,1,0,0,1,0,182.23
NA12874,0,0,0,1,1,184.56
NA18633,0,0,0,0,0,181.57
NA18624,0,0,0,0,2,174.21
NA18526,0,2,2,0,0,184.35
NA18552,0,0,0,1,1,183.52
NA18537,0,1,1,0,0,174.48
NA18593,0,0,1,0,0,183.19
NA18592,1,0,0,0,0,172.33
NA18555,0,0,0,0,1,176.24
NA18564,0,1,1,1,1,162.41
NA18611,0,0,0,1,0,171.22
NA18612,0,1,1,0,0,183.52
NA18622,0,2,2,0,2,168.66
NA18620,0,0,0,0,0,179.26
NA18621,1,0,0,0,0,183.59
NA18571,0,1,1,0,0,173.0
NA18623,0,0,0,0,0,181.24
NA18636,0,0,0,0,1,174.04
NA18632,0,1,1,0,0,185.66
NA18550,0,0,0,0,0,184.48
NA18572,0,1,1,1,1,180.88
NA18577,0,1,1,0,0,185.98
NA18532,0,1,1,0,1,173.23
NA18566,0,2,2,0,1,179.17
NA18582,0,0,0,0,0,190.21
NA18542,1,1,1,0,0,176.26
NA18562,0,0,0,1,1,178.01
NA18570,0,1,2,0,0,185.8
NA18615,0,2,2,0,2,172.08
NA18616,0,0,0,0,0,181.7
NA18619,0,1,1,0,0,174.82
NA18631,1,0,0,0,0,175.76
NA18617,0,0,0,0,0,171.82
NA18627,0,1,1,0,0,177.09
NA18626,0,0,0,0,0,175.02
NA18628,0,0,0,0,0,171.56
NA18618,0,1,1,0,1,175.18
NA18630,0,2,2,0,0,170.13
NA18614,1,1,1,0,1,161.89
NA18634,1,1,1,1,0,174.24
NA18625,1,1,1,0,0,175.94
NA18534,1,0,0,1,1,169.37
NA18543,0,0,0,0,0,185.35
NA18549,0,0,0,1,1,182.73
NA18606,0,1,1,0,1,185.76
NA18610,0,1,1,0,1,183.79
NA18530,0,0,0,1,1,183.55
NA18546,0,0,0,0,0,177.62
NA18557,0,2,2,0,0,175.68
NA18559,0,2,2,1,0,167.79
NA18595,1,0,0,0,0,181.56
NA18599,0,2,2,0,0,178.42
NA18602,1,0,0,1,0,191.95
NA18613,0,0,0,1,2,186.01
NA18637,0,1,1,0,0,168.4
NA18545,0,1,1,0,0,172.23
NA18561,0,0,0,0,1,179.46
NA18563,0,0,0,0,0,182.2
NA18573,1,1,1,0,0,182.85
NA18603,1,0,0,0,1,179.78
NA18605,0,0,0,0,0,190.35
NA18608,0,1,1,0,0,180.63
NA18609,1,1,1,1,1,171.62
NA18635,0,0,0,0,2,177.45
NA18547,1,0,0,0,0,181.75
NA18558,0,0,0,0,1,169.99
NA18579,0,1,1,0,2,182.5
NA18536,0,0,0,0,0,165.2
NA18544,0,1,1,0,1,177.12
NA18548,0,0,0,0,0,182.98
NA18596,1,0,0,0,0,183.67
NA18597,0,1,1,0,2,184.54
NA18528,0,1,1,0,0,170.79
NA18531,0,0,0,0,1,185.89
NA18638,0,1,1,0,0,178.51
NA18567,0,0,0,0,0,186.4
NA18565,0,0,0,0,0,192.26
NA18574,0,2,2,0,1,167.49
NA18541,0,0,0,0,1,174.58
NA18553,1,2,2,1,1,168.06
NA18538,0,0,0,1,0,178.96
NA18539,0,1,1,0,1,171.02
NA18560,1,0,0,0,1,181.29
NA18535,0,0,0,1,0,171.52
NA18533,0,0,0,0,0,175.68
NA18641,0,1,1,0,0,179.91
NA18740,0,1,1,0,0,174.44
NA18640,0,1,1,0,0,178.21
NA18748,0,0,0,0,0,186.49
NA18645,1,1,1,0,1,170.95
NA18643,0,1,1,1,0,167.93
NA18757,0,2,2,0,0,174.75
NA18525,0,1,1,0,1,182.34
NA18745,1,1,1,0,0,179.52
NA18642,0,2,2,0,0,159.31
NA18647,0,1,1,0,1,172.95
NA18749,0,1,1,0,0,186.51
NA18747,0,1,1,1,0,187.08
NA18639,0,0,0,0,0,183.73
NA18629,0,2,2,0,1,173.58
NA18644,0,1,1,0,1,182.33
NA18591,0,1,1,1,0,172.87
NA18646,0,1,1,0,0,167.78
NA18648,0,2,2,0,1,166.16
HG00565,0,1,1,0,1,185.74
HG00560,0,1,1,0,1,175.24
HG00592,0,1,1,0,0,176.31
HG00593,0,1,1,0,0,177.1
HG00596,0,1,1,0,1,174.3
HG00404,0,1,1,0,0,183.72
HG00610,1,0,0,0,0,186.35
HG00611,0,0,0,0,0,179.37
HG00625,0,1,1,1,1,175.8
HG00635,0,1,1,0,0,168.45
HG00634,0,1,1,0,1,174.39
HG00559,0,1,1,0,0,184.54
HG00566,0,1,1,0,0,168.68
HG00403,0,0,0,0,0,172.96
HG00626,1,0,0,0,0,166.58
HG00628,0,1,1,1,1,184.66
HG00629,0,1,1,0,0,187.35
HG00419,0,1,1,0,1,182.31
HG00421,0,0,0,0,0,178.69
HG00422,0,1,1,0,1,184.09
HG00428,0,0,0,0,0,176.72
HG00436,0,0,0,0,1,174.51
HG00437,0,0,0,0,1,176.74
HG00442,0,0,0,0,1,191.91
HG00443,0,0,0,0,1,178.35
HG00448,0,0,0,1,1,181.74
HG00449,0,0,0,0,0,172.07
HG00472,0,0,0,0,0,182.75
HG00473,0,1,1,0,1,181.05
HG00475,0,0,0,0,0,175.28
HG00476,0,0,0,0,0,172.61
HG00478,0,0,0,0,1,172.4
HG00479,0,2,2,1,2,174.39
HG00513,0,1,1,0,0,169.56
HG00524,0,0,0,0,0,174.53
HG00525,0,0,0,0,0,172.69
HG00530,0,0,0,0,1,179.48
HG00531,0,1,1,0,1,176.02
HG00536,0,2,2,1,0,175.01
HG00537,0,2,2,0,0,180.63
HG00542,1,0,0,0,0,178.0
HG00543,0,0,0,0,0,182.56
HG00556,0,0,0,0,0,171.69
HG00557,0,2,2,1,0,172.29
HG00595,0,0,0,0,0,176.85
HG00463,0,1,1,0,0,165.23
HG00464,0,1,1,0,0,167.37
HG00500,0,0,0,1,0,174.11
HG00501,0,1,1,0,0,171.75
HG00533,0,1,1,1,1,174.33
HG00534,0,1,1,0,1,187.08
HG00580,0,0,0,0,0,176.37
HG00581,0,1,1,0,0,170.34
HG00583,0,1,1,0,0,174.34
HG00584,0,0,0,0,0,176.75
HG00589,0,1,1,0,1,174.15
HG00590,0,0,0,0,0,180.41
HG00607,0,1,1,0,0,172.95
HG00608,0,0,0,0,0,179.84
HG00613,1,1,1,0,0,162.33
HG00614,0,1,1,0,0,171.68
HG00619,0,0,0,0,0,179.26
HG00620,0,1,1,0,0,181.0
HG00650,0,0,0,0,0,180.17
HG00651,0,2,2,0,0,172.78
HG00653,0,1,1,0,1,175.48
HG00654,0,0,0,0,0,177.8
HG00656,0,1,1,0,0,170.87
HG00657,0,2,2,0,0,167.13
HG00662,0,0,0,0,0,193.7
HG00663,0,1,1,0,0,164.47
HG00671,0,0,0,0,0,178.11
HG00672,0,0,0,0,1,179.83
HG00683,0,0,0,0,1,182.71
HG00684,0,0,0,0,1,180.16
HG00689,0,1,1,0,0,172.16
HG00690,0,0,0,0,0,185.26
HG00692,0,0,0,0,0,172.94
HG00693,0,1,1,0,0,181.47
HG00698,0,0,0,0,0,176.78
HG00699,0,0,0,0,1,172.72
HG00701,0,0,0,0,0,187.44
HG00702,0,1,1,0,0,181.35
HG00704,0,1,1,0,1,173.62
HG00705,0,1,1,1,0,184.53
HG00707,0,0,0,0,0,177.55
HG00708,0,0,0,0,1,179.2
HG00452,0,2,2,0,1,191.66
HG00457,0,1,1,0,0,183.09
HG00458,0,0,0,0,1,175.57
HG00407,0,1,1,0,0,170.59
HG00445,0,1,1,0,0,190.49
HG00446,0,0,0,0,1,184.37
HG00451,0,2,2,0,0,172.43
HG00406,0,0,0,0,0,185.37
HG00409,0,0,0,1,0,181.76
HG00675,0,0,0,0,0,169.74
HG00623,0,0,0,0,1,181.56
HG00599,0,2,2,0,0,177.81
HG00622,0,1,1,0,1,186.93
HG00632,1,1,1,0,0,181.06
HG00729,0,0,0,0,0,175.84
HG00598,0,0,0,0,1,195.78
HG00410,0,0,0,0,0,189.87
HG00674,0,0,0,0,0,174.12
HG00728,0,0,0,0,1,175.77
HG00631,0,1,1,0,0,177.0
HG00717,0,1,1,0,1,174.02
HG01356,0,0,0,0,0,170.25
HG01357,0,0,0,0,1,175.52
HG01377,0,0,0,0,1,183.4
HG01378,0,0,0,0,1,167.5
HG01383,0,0,0,1,1,184.43
HG01384,0,0,1,1,0,190.29
HG01350,0,0,0,0,0,189.98
HG01351,1,0,0,1,2,190.08
HG01353,0,0,0,2,0,177.09
HG01354,0,0,0,0,0,167.93
HG01365,0,0,0,1,0,180.08
HG01366,0,1,2,0,0,177.47
HG01374,0,1,1,0,0,185.24
HG01375,0,0,0,1,1,175.95
HG01389,0,0,0,0,0,184.66
HG01390,0,0,0,0,1,169.5
HG01133,0,1,1,0,0,174.95
HG01134,0,0,0,0,0,172.93
HG01136,0,0,0,0,0,176.97
HG01125,1,0,0,0,0,194.47
HG01137,0,1,1,1,1,168.86
HG01149,0,0,0,0,1,179.79
HG01124,0,0,0,1,0,164.42
HG01140,0,0,1,0,1,169.5
HG01148,1,0,0,1,1,177.55
HG01363,0,1,1,1,2,184.82
HG01121,0,0,0,0,1,184.7
HG01122,1,0,0,0,0,170.33
HG01362,0,1,1,0,1,173.76
HG01431,0,0,0,0,2,189.86
HG01432,0,0,0,2,1,183.35
HG01443,1,0,0,0,0,178.68
HG01444,0,0,0,0,1,174.32
HG01259,0,0,0,1,0,175.06
HG01256,0,0,0,1,0,187.34
HG01257,0,0,0,1,0,159.78
HG01260,0,0,0,1,0,168.69
HG01139,0,0,1,1,0,182.25
HG01119,0,0,0,0,0,188.09
HG01130,0,2,2,0,1,164.83
HG01131,1,0,0,0,0,167.48
HG01142,0,0,0,1,2,172.75
HG01269,0,0,0,0,0,185.24
HG01280,0,0,0,1,1,180.11
HG01281,0,0,0,0,2,190.49
HG01284,0,0,0,1,0,178.88
HG01369,0,0,0,1,1,178.19
HG01372,0,0,0,1,0,165.8
HG01435,0,0,0,0,0,185.89
HG01447,0,0,1,0,1,176.28
HG01459,0,0,0,1,0,170.1
HG01485,0,1,2,1,2,178.32
HG01486,0,0,0,0,1,172.98
HG01556,1,1,1,1,0,181.4
HG01253,0,1,1,0,1,187.35
HG01254,0,0,0,1,1,174.82
HG01251,1,0,0,1,1,183.02
HG01250,0,1,1,0,2,171.6
HG01112,0,0,0,1,1,179.48
HG01494,0,0,0,1,0,182.0
HG01497,0,0,0,0,0,175.49
HG01456,0,0,0,1,1,173.84
HG01550,0,0,0,0,0,183.12
HG01498,0,0,0,0,1,178.91
HG01360,0,0,0,0,0,179.89
HG01113,0,0,0,0,1,182.87
HG01551,1,1,1,0,1,175.38
HG01455,0,0,0,1,0,182.43
HG01495,0,0,0,0,0,191.37
HG01465,0,0,0,0,0,173.15
HG01440,0,0,0,1,0,187.49
HG01491,0,0,1,0,1,170.24
HG01342,0,1,1,1,0,188.35
HG01359,0,0,0,0,2,170.14
HG01441,0,0,0,1,0,171.77
HG01464,0,0,0,1,1,185.28
HG01437,0,0,0,1,0,165.14
HG01488,1,0,0,0,0,177.78
HG01492,0,0,0,2,0,176.92
HG01489,0,0,0,0,0,171.93
HG01462,0,1,1,1,0,183.11
HG01461,0,0,0,0,1,170.87
HG01341,0,0,0,1,0,180.44
HG01438,0,0,1,0,0,178.07
HG01344,0,0,0,0,0,177.41
HG01348,0,0,0,0,1,176.67
HG01271,0,0,0,1,1,179.44
HG01345,0,0,0,1,0,173.47
HG01272,0,1,2,1,0,179.06
HG01275,1,0,1,0,0,185.57
HG01277,0,0,0,1,1,171.5
HG01479,1,1,1,1,0,188.13
HG01468,0,0,0,0,0,174.56
HG01474,0,0,0,1,0,189.38
HG03515,1,1,2,1,0,164.25
HG03514,1,2,2,1,0,177.01
HG03268,1,1,2,1,2,181.77
HG03267,1,2,2,1,2,159.52
HG03271,1,2,2,1,0,169.66
HG03270,2,0,1,1,0,180.83
HG03280,1,1,1,1,1,180.0
HG03279,1,1,0,2,1,184.94
HG03291,2,0,0,1,0,172.47
HG03295,1,0,1,1,1,167.82
HG03294,1,2,2,2,0,179.67
HG03301,1,1,1,2,0,172.53
HG03300,0,1,1,2,1,176.62
HG03367,2,0,1,1,1,168.08
HG03366,0,1,2,1,1,152.63
HG02947,2,0,1,1,1,168.69
HG02946,0,0,0,1,1,187.19
HG02971,1,0,1,0,1,173.77
HG02970,0,1,2,2,1,182.78
HG02953,2,2,2,1,1,192.01
HG02952,0,2,2,1,0,166.28
HG02977,2,2,2,2,0,179.75
HG02976,1,1,2,0,0,172.03
HG03118,0,1,1,0,2,176.65
HG03117,2,0,1,2,1,182.97
HG03130,1,2,2,0,2,180.6
HG03129,1,2,2,1,0,173.46
HG03160,0,1,1,1,1,176.72
HG03159,1,1,1,1,1,175.27
HG03163,1,2,2,0,0,171.71
HG03162,0,2,2,0,1,166.25
HG03169,0,1,2,0,2,188.06
HG03168,2,1,2,1,1,180.76
HG03172,1,1,1,2,2,182.03
HG03196,0,1,2,1,2,186.44
HG03195,0,2,2,1,2,171.27
HG03199,1,1,2,1,1,181.97
HG03198,0,1,1,0,0,165.15
HG03343,1,2,2,0,0,169.24
HG03342,1,1,1,1,0,167.8
HG03370,0,1,2,2,1,186.06
HG03369,0,2,2,2,2,172.77
HG02938,1,1,2,0,2,179.27
HG02941,1,1,2,0,1,169.45
HG02968,2,1,2,0,0,169.97
HG02979,0,1,1,0,1,187.91
HG02981,1,2,2,2,1,172.93
HG03103,1,0,0,1,1,181.23
HG03105,2,0,1,0,0,191.49
HG03111,1,2,1,1,2,186.88
HG03112,0,1,2,0,0,176.82
HG03126,0,0,1,1,2,192.24
HG03127,1,0,1,0,0,170.32
HG03139,1,0,0,0,1,178.42
HG03157,0,2,2,1,0,177.19
HG03166,1,1,1,1,0,182.02
HG03175,1,0,1,0,1,190.01
HG03189,1,2,2,0,0,180.64
HG03190,1,0,1,0,1,187.27
HG03193,2,1,2,1,1,186.08
HG03202,0,0,2,0,0,177.14
HG03265,2,1,1,0,2,178.84
HG03297,0,0,0,1,1,170.78
HG03298,1,1,2,1,1,172.54
HG03303,2,0,1,1,0,174.88
HG03304,1,1,2,0,1,180.46
HG03354,0,2,1,1,0,177.33
HG03520,0,1,2,1,1,177.08
HG03521,2,2,2,0,0,165.52
HG02923,0,2,2,1,2,170.87
HG03136,2,1,2,1,1,172.31
HG03121,0,1,1,1,1,185.86
HG03135,0,1,2,2,0,188.31
HG02943,0,0,1,1,1,179.34
HG03099,1,1,1,2,1,174.93
HG03114,0,1,1,0,1,166.57
HG02922,1,2,2,1,1,185.51
HG03124,1,1,2,1,1,189.21
HG02974,0,2,2,1,1,165.6
HG03109,0,0,2,0,1,175.37
HG02973,0,1,2,1,0,166.59
HG03100,1,1,1,1,0,183.87
HG03132,1,1,1,0,1,186.06
HG02944,1,0,1,2,0,172.12
HG03115,1,2,2,1,1,166.2
HG03120,0,1,2,1,0,178.48
HG03133,0,1,2,1,2,183.85
HG03108,1,0,2,1,1,178.84
HG03123,0,0,1,0,2,169.49
HG03363,2,1,1,1,2,168.42
HG03518,0,1,1,0,0,172.68
HG03499,1,1,1,0,1,175.09
HG03517,0,1,1,1,1,178.53
HG03511,0,1,1,2,0,184.19
HG03313,0,0,0,1,0,173.5
HG03311,2,1,0,0,1,168.5
HG03351,1,1,2,0,2,184.65
HG03352,1,0,1,0,1,178.41
HG03372,0,1,1,1,1,158.94
HG00171,0,0,0,1,0,171.36
HG00174,1,0,0,1,1,180.82
HG00190,1,0,0,0,1,180.23
HG00188,0,0,0,1,0,170.51
HG00189,0,0,0,0,1,163.68
HG00176,1,0,0,0,1,179.46
HG00178,1,0,0,0,1,179.72
HG00181,1,0,0,1,0,174.88
HG00266,0,0,0,0,1,168.49
HG00267,0,1,1,0,0,169.11
HG00173,0,0,0,0,0,168.99
HG00177,0,0,0,0,1,186.2
HG00180,0,0,0,0,0,167.27
HG00183,0,0,0,0,0,185.84
HG00179,0,0,0,1,0,175.91
HG00306,1,0,0,0,0,164.24
HG00311,0,0,0,0,1,170.99
HG00357,1,0,0,1,1,179.44
HG00361,0,0,0,0,0,175.98
HG00367,0,0,0,2,0,177.02
HG00182,0,0,0,1,1,183.87
HG00185,0,0,0,0,0,175.24
HG00186,0,1,1,0,1,169.88
HG00187,0,0,0,0,1,179.66
HG00272,1,0,0,1,0,184.27
HG00369,0,0,0,0,1,176.48
HG00373,0,0,0,0,1,177.8
HG00269,0,1,1,1,0,175.87
HG00368,1,0,0,0,0,190.45
HG00366,0,0,0,0,1,183.67
HG00372,0,0,0,0,0,181.42
HG00268,0,0,0,0,0,180.05
HG00271,0,0,0,0,0,174.39
HG00273,0,0,0,0,0,170.45
HG00309,0,1,1,0,0,181.1
HG00313,1,0,1,1,1,176.7
HG00315,0,0,0,1,0,187.92
HG00318,0,0,0,0,1,180.83
HG00319,0,0,0,1,0,180.68
HG00320,0,0,0,1,0,174.03
HG00321,0,0,0,1,1,173.4
HG00323,1,0,0,1,0,181.91
HG00327,0,0,0,0,0,177.69
HG00335,0,0,0,1,1,164.51
HG00336,0,1,1,0,1,178.06
HG00337,0,0,0,2,1,176.3
HG00338,0,0,0,1,0,172.08
HG00339,0,1,1,1,2,169.15
HG00342,1,0,0,0,0,163.06
HG00343,0,0,0,0,2,174.98
HG00344,1,0,0,1,0,174.64
HG00345,0,0,0,0,0,169.89
HG00346,0,0,0,0,2,175.87
HG00353,0,0,0,1,0,171.11
HG00375,0,0,0,1,0,188.69
HG00274,0,0,0,1,0,184.54
HG00275,0,0,0,0,0,182.97
HG00276,0,0,0,0,0,172.96
HG00277,0,0,0,1,0,187.4
HG00278,1,1,1,0,0,169.62
HG00280,0,0,0,1,0,167.65
HG00281,0,0,0,0,0,172.36
HG00282,0,0,0,0,0,191.01
HG00284,0,0,0,1,0,173.18
HG00285,0,0,1,1,0,188.01
HG00310,0,0,0,1,0,188.09
HG00324,0,0,0,1,0,180.12
HG00325,1,1,1,0,0,170.18
HG00326,1,0,0,0,1,182.33
HG00329,0,0,1,1,0,172.7
HG00330,0,0,0,0,1,174.66
HG00331,0,0,0,0,0,167.09
HG00328,0,1,1,1,0,168.5
HG00334,1,0,0,1,0,171.24
HG00341,0,0,0,1,0,174.4
HG00376,0,0,0,1,1,194.87
HG00378,0,1,1,0,1,184.94
HG00381,0,0,0,0,1,171.77
HG00382,0,0,0,0,2,180.68
HG00383,0,0,0,1,0,181.22
HG00332,0,0,0,0,0,176.19
HG00308,0,0,0,0,0,178.52
HG00380,1,0,0,0,1,173.08
HG00360,1,0,0,0,0,178.91
HG00364,0,0,0,0,0,190.39
HG00362,0,0,0,0,0,185.47
HG00371,0,0,0,2,1,176.97
HG00365,0,0,0,1,2,180.17
HG00384,0,0,0,2,0,188.1
HG00379,0,0,0,1,1,176.28
HG00288,0,0,0,0,1,189.35
HG00290,1,0,0,2,0,176.3
HG00349,0,0,0,0,2,179.76
HG00351,0,0,0,0,1,179.66
HG00350,0,0,0,0,1,178.28
HG00356,0,0,0,1,0,171.75
HG00358,1,0,0,1,1,183.29
HG00355,0,0,0,1,1,170.79
HG00304,0,0,0,0,0,183.74
HG00151,0,0,0,1,0,178.33
HG00106,1,0,0,0,1,180.4
HG00242,0,0,0,1,1,174.34
HG00114,0,0,0,1,0,180.66
HG00150,0,0,0,0,0,179.81
HG00100,1,0,0,0,1,183.63
HG00142,1,0,0,1,0,185.65
HG00239,0,0,0,0,0,180.17
HG00149,0,0,0,1,0,170.88
HG00141,0,0,0,2,0,179.26
HG00112,0,0,0,1,0,161.22
HG00126,0,0,0,1,0,184.52
HG00231,0,0,0,0,1,188.79
HG00244,0,0,0,1,1,165.47
HG00265,0,0,0,0,0,177.4
HG00143,0,0,0,1,0,182.93
HG00148,0,0,0,0,0,180.33
HG00118,0,0,0,2,0,183.98
HG00243,0,0,0,1,0,184.21
HG00122,0,0,0,1,0,183.11
HG00125,0,0,0,0,1,171.05
HG00136,0,0,0,0,0,185.5
HG00137,0,0,0,0,0,184.74
HG00138,0,0,0,0,1,183.02
HG00140,0,0,0,1,1,172.12
HG00236,0,0,0,0,0,190.65
HG00237,0,0,0,2,1,177.35
HG00252,0,0,0,0,1,181.5
HG00253,0,0,0,0,1,180.46
HG00254,0,0,0,0,0,188.43
HG00256,0,0,0,1,0,176.32
HG00257,0,0,0,0,0,184.44
HG00259,0,0,0,2,1,169.47
HG00260,1,0,0,2,1,180.42
HG00261,0,0,0,0,1,177.04
HG00263,0,0,0,0,0,181.12
HG00139,0,0,0,1,1,186.26
HG00232,0,0,0,1,0,181.73
HG00154,0,0,0,0,1,182.13
HG00246,0,0,0,2,1,174.17
HG00250,0,1,1,2,1,175.51
HG00251,0,0,0,1,0,182.72
HG01334,1,0,0,0,0,175.87
HG00115,0,0,0,2,1,178.84
HG00108,0,0,0,0,0,182.83
HG00111,0,0,0,0,0,191.13
HG00121,0,0,0,1,1,183.64
HG00113,0,0,0,1,0,178.19
HG00109,0,0,0,1,0,172.89
HG00110,0,0,0,1,1,177.29
HG02215,0,0,0,1,2,174.35
HG01791,0,0,0,0,1,173.04
HG01789,0,0,0,1,0,172.31
HG01790,0,1,1,0,1,182.53
HG00102,0,0,0,1,0,175.33
HG00101,0,0,0,0,1,179.69
HG00105,0,0,0,1,0,182.84
HG00107,0,0,0,1,1,181.14
HG00132,0,0,0,0,1,175.15
HG00238,0,0,0,1,1,176.07
HG00255,0,0,0,1,0,176.26
HG00240,0,0,0,1,0,187.25
HG00133,1,0,0,1,1,178.37
HG00131,0,0,0,2,2,173.79
HG00158,0,0,0,1,0,187.16
HG00146,1,0,0,0,0,183.81
HG00155,0,0,0,1,0,180.22
HG00116,0,0,0,0,0,165.5
HG00262,0,0,0,0,1,196.16
HG00245,0,0,0,1,1,177.3
HG00258,0,0,0,1,1,192.14
HG00119,0,0,0,2,1,181.3
HG00264,0,0,0,1,1,182.31
HG00123,1,0,0,1,0,188.73
HG00159,0,0,0,1,2,176.24
HG00124,0,0,0,2,1,188.34
HG00117,2,0,0,0,1,173.26
HG00120,0,0,0,0,1,169.58
HG00096,0,0,0,0,0,176.9
HG00127,0,0,0,0,0,182.02
HG00103,0,1,1,0,0,190.93
HG00233,0,0,0,0,0,182.65
HG00160,0,0,0,1,0,174.34
HG00145,0,0,0,1,0,168.84
HG00157,0,0,0,1,1,176.94
HG00128,0,0,0,0,1,176.06
HG00129,0,0,0,1,1,169.87
HG00130,0,0,0,0,1,178.82
HG00235,0,1,1,0,1,168.01
HG00097,0,0,0,1,1,173.13
HG00099,1,0,0,0,0,181.58
HG00234,0,0,0,2,0,179.55
NA20867,0,0,0,0,0,190.65
NA20868,0,0,0,0,0,179.32
NA20863,0,0,0,1,2,170.31
NA20864,0,0,0,0,1,187.53
NA21141,0,0,0,1,0,189.84
NA21142,0,0,0,0,0,176.71
NA21143,1,0,0,1,0,183.62
NA21144,0,1,1,1,0,179.87
NA21137,0,1,1,0,1,177.3
NA21125,0,0,0,1,0,176.55
NA20881,0,0,0,0,1,170.26
NA20882,0,0,0,1,1,171.03
NA20884,0,0,0,1,1,173.9
NA20845,0,0,0,1,0,176.17
NA20846,0,0,0,0,0,174.77
NA20847,0,0,0,2,1,181.71
NA20849,0,0,0,0,0,175.77
NA20850,0,0,0,1,1,185.77
NA20851,0,0,0,0,0,174.23
NA20852,0,0,0,2,1,175.2
NA20853,0,0,0,2,0,179.64
NA20854,0,0,0,1,1,178.63
NA20856,0,0,0,1,0,178.49
NA20858,0,0,0,1,1,179.72
NA20859,0,0,0,1,0,170.57
NA20861,0,0,0,0,0,168.62
NA20862,0,0,0,1,1,180.65
NA20866,0,0,0,0,0,173.15
NA20869,0,1,1,0,0,179.31
NA20870,0,0,0,0,2,162.77
NA20871,0,0,0,1,0,197.16
NA20872,0,0,0,1,1,187.01
NA20874,0,0,0,1,0,180.44
NA20875,0,1,1,0,1,172.3
NA20876,0,0,0,1,0,177.46
NA20877,0,0,0,0,1,169.41
NA20878,0,1,1,0,0,183.32
NA21122,0,0,0,1,1,169.44
NA21123,0,1,1,1,0,185.43
NA21120,0,1,1,1,0,179.07
NA20900,0,0,0,0,1,173.7
NA21127,0,0,0,0,0,174.34
NA21128,0,1,1,1,0,186.0
NA21130,1,0,0,2,0,166.63
NA21133,0,1,1,1,1,164.52
NA21135,0,0,0,0,0,182.51
NA20888,0,0,0,0,0,190.45
NA20898,0,0,0,0,2,177.49
NA20904,0,0,0,0,1,169.49
NA20911,0,0,0,0,0,184.73
NA21086,0,1,1,0,1,169.88
NA20903,0,0,0,0,0,192.76
NA20910,0,2,2,0,0,180.27
NA20892,0,0,0,0,0,187.3
NA20895,0,0,0,1,1,170.12
NA20897,0,0,0,0,0,177.84
NA20891,0,0,0,0,1,162.76
NA20899,0,2,2,1,0,169.6
NA20887,0,1,1,0,1,189.73
NA20901,0,0,0,0,1,184.4
NA20906,0,0,0,1,0,174.22
NA20896,0,1,1,0,0,165.55
NA21088,0,0,0,0,0,190.94
NA20902,0,0,0,1,2,174.95
NA20894,0,0,0,1,1,183.46
NA20890,0,0,0,0,2,194.68
NA20889,0,0,0,0,0,169.48
NA20886,0,0,0,0,1,188.21
NA20908,0,1,1,1,2,172.0
NA20885,0,0,0,1,1,173.69
NA21103,0,0,0,2,0,175.24
NA21098,0,0,0,2,0,175.56
NA21092,1,0,0,0,0,170.54
NA21090,0,1,1,1,1,185.82
NA21097,0,0,0,0,0,189.09
NA21100,0,0,0,1,0,182.98
NA21091,0,0,0,1,0,164.9
NA21101,0,0,0,0,0,197.58
NA21099,0,0,0,2,0,178.6
NA21102,0,0,0,0,0,175.72
NA21089,0,0,0,1,1,184.38
NA21094,0,0,0,0,0,193.29
NA21114,0,0,0,0,0,173.65
NA21093,0,0,0,2,0,182.13
NA21087,0,0,0,0,0,175.62
NA20905,0,0,0,1,0,182.42
NA20893,0,0,0,1,0,183.0
NA21095,0,0,0,0,0,180.46
NA21124,0,0,0,0,0,174.46
NA21129,0,0,0,0,1,192.33
NA21126,0,1,1,0,1,166.75
NA21111,0,0,0,0,0,183.96
NA21115,0,0,0,1,0,182.18
NA21116,0,0,0,1,0,187.96
NA21112,0,1,1,0,0,173.64
NA21118,0,0,0,0,0,179.79
NA21106,0,0,0,1,1,180.85
NA21104,0,0,0,1,0,169.96
NA21113,0,0,0,0,0,179.59
NA21108,0,0,0,0,0,175.96
NA21117,0,0,0,0,1,186.39
NA21119,0,0,0,0,1,184.96
NA21110,0,0,0,2,0,182.6
NA21105,0,0,0,0,1,178.78
NA21107,0,0,0,0,1,186.57
NA21109,0,0,0,0,0,173.97
HG02813,0,0,2,1,1,185.51
HG02814,0,0,0,0,0,172.09
HG02839,1,1,1,0,0,179.54
HG02840,1,0,1,0,1,176.11
HG02851,0,0,1,0,0,184.99
HG02852,2,0,2,1,1,160.4
HG02887,0,1,2,0,0,182.43
HG02888,1,2,1,1,0,177.19
HG02884,1,2,2,0,0,182.3
HG02885,1,0,1,0,1,173.32
HG02890,1,0,2,0,2,164.28
HG02891,1,2,2,0,1,173.62
HG03024,0,0,1,0,1,169.96
HG03025,1,1,1,1,0,180.0
HG03240,0,2,2,0,2,163.6
HG03241,1,0,1,0,1,154.77
HG03246,0,0,2,1,1,161.18
HG03247,0,0,1,1,1,168.02
HG03538,0,1,1,1,0,182.25
HG03539,1,2,0,0,0,183.44
HG02819,0,1,2,1,0,191.15
HG02820,0,2,2,1,0,166.8
HG02854,1,1,2,2,2,173.46
HG02855,0,1,2,2,1,181.1
HG02895,1,1,2,2,1,186.71
HG02896,1,2,2,1,0,173.3
HG02816,0,0,2,0,0,179.05
HG02817,1,1,1,1,1,176.13
HG02836,1,2,2,0,0,174.47
HG02837,0,1,1,1,0,173.99
HG02860,0,0,0,2,0,182.75
HG02861,1,0,1,0,2,177.61
HG02568,0,1,0,0,1,182.09
HG02759,0,2,2,0,1,168.19
HG02760,1,0,2,0,2,187.05
HG02878,2,0,1,0,1,170.79
HG02879,0,1,1,0,2,168.76
HG02881,1,1,1,0,1,167.68
HG02882,1,2,2,1,0,181.63
HG02982,0,1,2,0,0,178.79
HG02983,1,1,1,0,2,185.0
HG02722,0,0,2,0,0,177.78
HG02614,1,0,1,0,0,175.82
HG02807,0,2,2,2,1,173.72
HG02573,1,0,2,0,1,164.99
HG02561,1,1,1,0,0,171.68
HG02461,0,1,1,1,2,171.36
HG02757,1,2,2,1,1,177.72
HG02594,1,1,1,1,0,183.72
HG02585,0,1,1,0,0,181.21
HG03259,0,1,1,0,1,168.64
HG02756,0,1,2,1,2,174.38
HG03040,0,2,2,1,1,172.4
HG02588,0,0,1,0,1,177.01
HG02610,2,0,0,0,1,172.46
HG02624,0,1,1,0,0,180.32
HG02574,0,1,1,1,1,185.79
HG03049,0,2,2,2,0,192.54
HG02623,0,1,1,0,1,172.48
HG03028,2,2,2,0,1,191.89
HG02613,0,2,2,1,1,168.89
HG02810,0,1,1,2,1,171.2
HG02464,1,1,2,0,0,176.89
HG02703,1,0,1,1,0,170.19
HG02721,0,1,1,0,1,168.64
HG03046,1,0,0,2,0,181.59
HG02571,0,0,2,1,1,185.17
HG02678,1,1,2,1,0,159.53
HG03045,0,1,2,0,0,177.27
HG03258,0,1,1,1,1,170.28
HG02645,0,1,1,1,1,178.98
HG02589,0,2,2,1,1,179.95
HG02462,0,2,2,1,1,174.48
HG02676,0,0,0,1,0,170.6
HG02629,1,2,2,0,0,175.81
HG02808,1,2,2,1,1,183.84
HG02667,0,1,1,1,0,172.75
HG02642,0,0,2,1,1,177.27
HG02772,2,2,2,0,0,174.47
HG02582,0,0,0,1,0,170.14
HG02595,0,1,1,1,0,184.55
HG02805,1,1,1,0,0,186.55
HG03039,1,1,1,1,2,183.63
HG02768,0,1,2,2,1,180.16
HG02621,1,0,2,0,0,182.19
HG02666,2,1,2,0,0,182.61
HG02643,2,1,1,2,2,190.4
HG03027,2,1,2,1,0,186.72
HG02715,1,2,2,0,0,170.86
HG02634,1,2,2,1,1,162.07
HG02811,0,1,1,2,1,177.92
HG02771,1,2,2,1,1,171.68
HG02799,0,0,1,2,0,171.76
HG02570,1,0,1,0,1,172.35
HG02635,1,2,1,0,2,172.47
HG02716,2,1,1,0,0,174.69
HG02804,2,1,2,1,1,169.3
HG02465,0,1,2,1,0,161.98
HG02646,0,2,2,1,0,166.39
HG02679,1,2,2,0,0,166.82
HG03048,1,0,0,1,1,185.77
HG02628,2,1,2,0,1,177.85
HG02798,0,1,2,2,0,176.12
HG02620,1,1,2,1,0,182.17
HG02702,1,1,1,1,1,164.63
HG02586,1,1,2,1,2,173.23
HG02769,0,2,2,0,2,172.04
HG02675,1,2,1,0,2,176.66
HG02611,1,0,2,1,0,181.09
HG02583,2,2,2,1,0,186.41
HG02562,0,2,2,0,0,164.06
HG02870,0,0,2,0,0,182.64
HG02763,0,2,2,1,1,176.71
HG01602,0,0,1,1,0,178.62
HG01603,0,0,0,1,1,168.25
HG01605,0,0,0,1,2,174.73
HG01606,0,0,0,0,1,185.09
HG01607,0,0,0,1,0,186.57
HG01608,1,1,1,1,0,173.96
HG01610,0,0,0,0,0,167.88
HG01612,1,0,0,0,0,184.03
HG01613,0,1,1,0,1,190.65
HG01615,0,0,0,1,1,189.82
HG01673,0,0,0,1,0,182.32
HG01675,0,0,0,0,2,175.35
HG01676,0,0,0,1,2,183.49
HG01678,0,0,0,1,1,176.5
HG01679,0,0,0,1,2,178.27
HG01680,0,0,0,1,1,167.71
HG01682,0,0,0,1,1,175.49
HG01684,0,0,0,0,0,174.03
HG01685,0,0,0,0,0,178.93
HG01686,0,0,0,1,0,169.17
HG01694,0,1,1,0,1,181.76
HG01695,0,0,0,2,1,176.36
HG02232,0,0,0,1,0,180.45
HG02233,1,0,0,1,1,170.61
HG02238,0,0,0,0,1,181.98
HG02239,1,0,0,1,0,184.07
HG01506,0,0,0,1,1,170.3
HG01507,0,0,0,0,1,180.63
HG01509,0,0,0,0,0,181.18
HG01510,0,0,0,1,0,179.76
HG01512,0,0,0,1,0,163.01
HG01513,0,0,0,1,0,175.44
HG01524,0,0,0,1,1,176.88
HG01525,0,0,0,0,1,172.53
HG01527,0,0,0,1,1,177.08
HG01528,0,0,0,1,1,164.98
HG01530,0,0,0,1,0,184.13
HG01531,0,0,0,1,0,181.27
HG01536,0,0,0,1,0,187.0
HG01537,0,0,0,1,0,190.71
HG01631,0,1,1,0,1,193.81
HG01632,0,0,0,0,2,174.82
HG01700,0,0,0,1,0,172.21
HG01702,0,0,0,1,2,173.98
HG01670,0,0,0,0,2,179.22
HG01672,0,0,0,2,1,182.6
HG01500,0,0,0,1,1,173.29
HG01501,0,0,0,0,1,177.72
HG01503,0,0,0,0,0,186.31
HG01504,0,0,0,2,0,185.95
HG01668,0,0,0,0,0,161.82
HG01669,0,0,0,1,1,179.16
HG01770,0,0,0,0,1,182.25
HG01771,0,0,0,2,0,185.1
HG02224,0,0,0,0,1,170.89
HG02223,0,0,0,1,1,170.51
HG02231,0,0,0,1,0,176.6
HG02230,0,0,0,1,0,189.22
HG01784,0,0,0,0,1,178.72
HG01775,0,0,0,0,0,183.23
HG01773,0,0,0,1,0,168.15
HG02235,0,0,0,0,0,187.04
HG02236,1,0,0,0,1,187.7
HG02220,0,0,0,2,1,162.64
HG02221,1,0,0,0,2,163.4
HG01776,0,0,0,1,0,180.65
HG01697,0,0,0,0,1,181.83
HG01699,0,0,0,0,1,179.05
HG01777,1,0,0,1,0,175.59
HG01779,0,0,0,1,0,181.1
HG01781,0,0,0,1,2,168.82
HG01783,0,0,0,0,1,181.39
HG01765,0,0,0,0,1,181.42
HG01766,0,0,0,1,2,167.03
HG01767,0,0,0,0,2,167.79
HG01768,0,0,1,0,2,175.38
HG01518,0,0,0,0,0,185.84
HG01516,1,0,0,1,0,171.83
HG01515,0,0,0,0,1,185.78
HG01519,0,0,0,1,1,181.43
HG01521,0,0,0,0,1,167.85
HG01522,0,0,0,1,1,170.19
HG01704,0,0,0,1,1,180.85
HG01710,0,0,0,0,2,183.96
HG01746,1,0,0,1,1,181.67
HG01709,1,0,0,0,0,172.13
HG01747,0,1,1,1,1,169.0
HG01705,0,0,0,0,1,179.35
HG01707,0,0,0,2,0,179.42
HG01708,0,0,0,1,1,168.64
HG01756,0,0,0,0,1,166.72
HG01757,1,0,0,2,1,179.19
HG01761,0,0,0,0,2,182.15
HG01762,0,0,0,0,0,175.42
HG01620,0,0,0,0,1,176.49
HG01625,0,0,0,2,1,174.85
HG01617,0,0,0,1,2,170.67
HG01618,0,0,0,0,0,179.76
HG01619,1,0,0,0,0,179.84
HG01624,0,0,0,1,1,182.22
HG01630,0,0,0,0,0,178.61
HG01628,0,0,0,0,0,180.26
HG01623,0,0,0,0,1,185.56
HG01626,0,0,0,0,1,175.63
HG02219,0,0,0,1,1,178.69
HG01785,0,0,0,1,1,179.5
HG01786,0,0,0,2,1,186.18
HG03777,0,0,0,1,1,188.9
HG03785,0,0,0,0,1,165.14
HG03790,0,1,1,0,0,178.93
HG03792,0,0,0,1,1,177.68
HG03782,0,1,1,0,1,182.39
HG03873,0,1,1,1,0,179.18
HG03861,0,1,1,1,1,180.45
HG03863,0,0,0,0,0,174.0
HG03872,0,0,0,1,1,171.32
HG03867,0,1,1,1,1,184.49
HG03963,0,0,0,1,1,178.99
HG03960,0,1,1,0,0,173.06
HG03968,1,0,0,0,1,186.24
HG03720,0,0,0,2,0,179.59
HG04019,0,0,0,0,1,170.7
HG04025,0,2,2,0,0,162.09
HG04020,0,1,1,0,1,173.8
HG04014,0,1,1,1,0,170.61
HG04015,0,0,0,2,0,192.55
HG04022,0,0,0,1,1,175.66
HG04063,0,2,2,1,1,175.31
HG04093,0,0,0,0,2,178.59
HG04118,0,0,0,0,0,172.05
HG03718,0,0,0,0,0,171.37
HG03780,0,0,0,1,1,186.85
HG03977,1,1,1,0,0,175.46
HG04002,0,0,0,1,1,174.41
HG04017,0,2,2,0,1,184.63
HG04026,0,0,0,0,0,183.44
HG04018,0,0,0,0,2,172.97
HG03742,0,0,0,1,0,186.64
HG03779,0,1,1,2,0,180.82
HG03971,0,0,0,1,0,181.18
HG03974,0,1,1,0,0,182.24
HG03976,2,1,1,1,1,175.59
HG03973,0,0,0,0,0,175.39
HG03870,0,0,0,0,0,184.98
HG03778,0,0,0,1,0,185.47
HG03875,0,0,0,1,0,168.11
HG03965,0,1,1,0,1,181.74
HG03967,0,0,0,0,0,174.73
HG04070,0,0,0,1,0,178.07
HG04096,0,1,1,1,1,172.9
HG04098,0,0,0,0,1,182.54
HG04198,0,0,0,0,2,178.65
HG04200,0,0,0,2,0,189.88
HG04202,0,0,0,0,1,177.45
HG04206,0,1,1,0,0,185.01
HG04209,0,0,0,0,0,174.13
HG04211,0,0,0,2,1,177.23
HG04212,0,0,0,0,0,175.1
HG04214,0,0,0,0,1,177.49
HG04216,1,0,0,1,0,194.46
HG04219,0,1,1,0,2,174.97
HG04222,0,0,0,0,0,175.39
HG04225,0,1,1,0,0,183.34
HG04235,0,0,0,1,0,186.3
HG04238,0,0,0,0,0,185.88
HG04239,0,0,0,1,1,175.4
HG03868,0,0,0,0,0,178.82
HG03871,0,0,0,0,0,185.72
HG03781,0,0,0,1,1,173.51
HG03788,0,1,1,0,0,182.32
HG03789,0,0,0,1,1,176.36
HG03862,0,1,1,1,0,176.93
HG03722,0,0,0,0,1,170.05
HG03775,0,0,0,0,0,175.78
HG03869,0,0,0,0,1,187.81
HG03770,0,0,0,0,0,174.22
HG03715,0,0,0,0,1,184.08
HG03786,0,0,0,0,0,179.23
HG03773,0,0,0,0,1,178.08
HG03731,0,0,0,0,0,181.4
HG03771,0,0,0,0,0,172.29
HG03713,0,0,0,1,0,170.25
HG03772,0,0,0,0,1,184.32
HG03787,0,0,0,0,0,164.04
HG03978,0,0,0,0,2,177.97
HG03874,0,2,2,0,0,180.14
HG03882,0,0,0,0,2,185.8
HG03784,0,0,0,0,0,174.86
HG03717,0,0,0,0,1,183.67
HG03716,0,0,0,0,0,179.71
HG03729,0,0,0,1,0,184.42
HG03714,0,0,0,0,1,173.88
HG03727,0,1,1,1,1,178.33
HG03864,0,0,0,1,0,167.35
HG03730,0,0,0,1,1,181.54
HG04090,0,0,0,0,0,185.65
HG04001,0,0,0,1,1,177.28
HG04062,0,0,0,0,0,169.67
HG04080,0,0,0,0,0,173.42
HG03774,0,0,0,0,0,183.99
HG04076,0,1,1,0,1,174.75
HG04060,0,1,1,0,0,170.2
HG03969,0,1,1,0,0,201.14
HG04059,0,0,0,1,0,158.85
HG04061,0,0,0,0,1,174.21
HG04054,0,0,0,0,1,182.5
HG04094,0,0,0,0,0,176.81
HG04023,0,0,0,0,0,169.0
HG04056,0,0,0,0,1,191.18
HG03866,0,0,0,1,0,182.73
NA18942,0,1,1,0,0,165.72
NA18945,0,1,1,0,0,171.73
NA18965,0,1,1,0,1,169.45
NA19083,0,2,2,0,1,181.06
NA18977,0,0,0,1,1,185.41
NA18987,0,0,0,0,0,178.9
NA19010,0,1,1,1,0,189.79
NA19002,0,2,2,0,0,172.83
NA19087,0,1,1,0,1,192.75
NA19084,0,1,1,0,0,178.25
NA19079,0,1,1,0,1,178.2
NA19088,0,0,0,0,1,176.09
NA19077,0,0,0,1,1,179.85
NA19078,0,1,1,0,0,182.25
NA18963,0,1,1,0,0,191.5
NA19076,0,1,1,0,1,177.83
NA19075,1,0,0,0,0,168.13
NA19074,1,0,0,0,0,178.91
NA19009,0,1,1,0,2,183.12
NA19085,0,2,2,0,2,168.54
NA18990,0,1,1,1,1,171.91
NA19072,0,0,0,0,1,171.75
NA18980,0,1,1,0,0,174.14
NA19082,0,0,0,0,0,179.51
NA19005,1,0,0,0,0,176.5
NA19081,0,1,1,0,0,173.52
NA19080,0,2,2,0,0,175.01
NA18940,0,1,1,0,0,179.89
NA18943,0,0,0,0,2,176.24
NA18944,0,1,1,1,1,160.34
NA18947,0,2,2,0,1,173.68
NA18948,0,2,2,0,1,167.16
NA18949,0,1,1,0,0,186.81
NA18951,0,0,0,0,1,177.43
NA18952,0,2,1,0,0,164.65
NA18991,0,0,0,0,1,185.62
NA18978,0,0,0,0,0,182.52
NA18966,0,1,1,1,0,179.04
NA18956,0,1,1,0,2,168.75
NA18973,0,1,1,1,1,166.34
NA18941,0,0,0,0,1,178.02
NA19089,0,0,0,0,0,170.75
NA19090,0,1,1,0,0,175.8
NA19091,0,1,1,0,0,184.94
NA19006,1,2,2,0,0,175.57
NA19011,0,0,0,0,1,183.88
NA18961,0,0,0,0,1,178.94
NA18953,0,0,0,0,0,175.2
NA19066,0,0,0,0,1,184.26
NA19068,1,2,2,0,0,175.34
NA18983,0,0,0,1,1,178.58
NA19012,0,0,0,0,0,195.29
NA18982,0,1,1,0,0,174.71
NA19000,0,2,2,0,0,181.82
NA19054,0,1,1,0,0,175.99
NA19065,0,1,1,0,1,177.22
NA18950,0,0,0,0,1,173.59
NA19064,0,1,1,0,0,177.45
NA18986,0,1,1,0,1,169.4
NA19058,0,2,2,0,1,174.39
NA18988,0,0,0,0,0,190.93
NA18984,0,2,2,0,1,171.65
NA18989,0,2,2,0,0,176.38
NA19004,0,0,0,0,1,173.11
NA19063,0,1,1,1,0,179.52
NA19062,0,1,1,0,0,168.19
NA18964,1,2,2,0,0,184.83
NA18960,0,1,1,0,0,180.05
NA19059,0,1,1,0,1,180.15
NA19003,0,1,1,0,0,186.3
NA18999,0,2,2,0,0,173.11
NA19060,0,1,1,0,0,183.63
NA19067,0,0,0,0,0,178.14
NA19007,0,0,0,1,0,173.12
NA18985,0,0,0,2,0,176.14
NA19056,0,0,0,0,1,175.81
NA19057,0,2,2,0,1,163.42
NA19055,1,1,1,1,1,170.96
NA18959,0,0,0,0,0,186.83
NA19070,1,1,1,1,0,174.21
NA18970,0,0,0,1,0,162.49
NA18967,0,1,1,0,0,187.75
NA18971,0,0,0,0,0,193.34
NA18976,1,0,0,0,0,183.08
NA18974,0,1,1,0,1,176.24
NA18981,0,0,0,0,1,165.43
NA18968,0,0,0,0,0,157.63
NA18972,0,1,1,0,0,182.79
NA18975,0,1,1,0,0,174.71
NA18969,0,0,0,0,0,179.68
NA18997,0,0,0,0,0,183.36
NA18993,0,1,1,0,0,171.51
NA19001,0,1,1,0,2,178.53
NA18995,0,0,0,1,0,187.91
NA18962,0,0,0,1,1,175.45
NA18992,0,1,1,1,0,176.25
NA18994,0,0,0,0,0,162.83
NA18979,0,2,2,1,0,172.3
NA18946,0,0,0,0,1,177.51
NA18998,1,0,0,0,0,179.44
NA18954,0,1,1,0,0,180.15
NA19086,0,2,2,0,0,175.55
NA18939,0,0,0,0,1,179.93
NA18957,0,0,0,0,0,186.15
HG01599,0,1,1,0,0,186.12
HG01600,0,0,0,1,0,167.68
HG01840,0,1,1,0,0,172.87
HG01841,0,0,0,0,1,189.34
HG01842,0,0,0,0,0,179.44
HG01843,0,0,0,1,1,186.6
HG01844,0,0,0,0,0,170.85
HG01845,0,1,1,0,1,177.16
HG01846,0,0,0,0,0,176.89
HG01847,0,0,0,0,0,185.99
HG01848,0,2,2,0,1,173.3
HG01849,0,0,0,0,1,184.06
HG01850,0,2,2,0,1,168.63
HG01851,0,1,1,0,0,192.19
HG01852,0,0,0,0,0,181.44
HG01853,1,0,0,0,0,161.79
HG01855,0,1,1,0,0,184.17
HG01857,0,1,1,0,1,176.56
HG01858,0,2,2,0,1,175.17
HG01859,0,0,0,1,0,170.61
HG02060,0,2,2,0,0,169.43
HG02061,0,0,0,0,0,183.2
HG02064,0,0,0,0,0,171.56
HG02067,0,0,0,0,0,186.98
HG02130,0,0,0,0,1,184.1
HG02131,0,0,0,0,1,179.15
HG02133,0,1,1,0,0,174.23
HG02134,0,0,0,0,1,180.23
HG02136,0,0,0,0,0,185.18
HG02137,0,1,1,0,0,180.37
HG01595,0,1,1,1,0,177.08
HG01596,0,0,0,1,0,190.63
HG01597,0,0,0,0,1,163.96
HG01598,0,0,0,0,0,173.12
HG01860,0,0,0,0,0,177.26
HG01861,0,1,1,1,1,178.87
HG02031,0,1,1,0,1,179.49
HG02032,1,0,0,0,0,182.09
HG02050,0,1,1,0,0,179.4
HG02142,0,2,2,2,1,171.55
HG02075,0,0,0,0,0,179.07
HG02076,0,1,1,0,0,177.83
HG02078,0,1,1,0,0,177.48
HG02079,0,2,2,0,1,175.72
HG02016,0,1,1,0,2,170.26
HG02017,0,0,0,0,0,176.89
HG02019,0,1,1,0,0,173.89
HG02020,0,0,0,0,1,177.87
HG02047,0,1,1,0,1,178.74
HG02035,0,2,2,0,0,174.42
HG02040,0,0,0,0,1,171.7
HG02046,0,0,0,0,0,175.67
HG02121,0,1,1,0,0,181.21
HG02127,0,0,0,0,0,179.66
HG02122,0,1,1,0,0,170.2
HG02128,0,0,0,0,0,181.08
HG02072,0,0,0,1,0,174.79
HG01870,0,0,0,0,0,182.55
HG01871,0,1,1,0,0,174.96
HG02069,0,0,0,1,1,181.29
HG01874,0,0,0,0,0,183.91
HG01878,0,0,0,0,0,176.73
HG02025,0,0,0,0,0,163.07
HG01869,0,0,0,0,1,185.5
HG01868,0,0,0,0,0,177.37
HG01863,0,1,1,0,1,184.31
HG01867,1,0,0,0,0,175.44
HG02026,0,0,0,0,0,172.77
HG02073,0,1,1,0,0,181.78
HG02048,1,1,1,0,0,184.73
HG01873,0,0,0,0,0,188.01
HG02070,0,1,1,0,1,174.11
HG02049,0,0,0,0,1,177.46
HG01872,0,0,0,0,0,189.21
HG02058,0,1,1,0,0,182.41
HG02057,0,0,0,1,1,177.39
HG01862,0,1,1,0,0,170.97
HG01865,0,1,1,0,0,174.2
HG02028,0,0,0,0,0,169.2
HG01864,0,0,0,1,0,182.11
HG02029,0,0,0,0,0,181.53
HG02023,0,0,0,2,1,167.32
HG01866,2,0,0,0,2,168.73
HG02521,1,0,0,1,0,175.81
HG02513,0,1,1,0,0,165.67
HG02116,0,0,0,0,0,179.41
HG02512,0,0,0,0,0,182.92
HG02522,0,0,0,0,0,188.48
HG02085,0,0,0,0,0,184.37
HG02087,0,1,1,0,1,180.97
HG02138,1,0,0,0,0,181.76
HG02139,1,1,1,1,1,176.87
HG02086,0,1,1,0,0,175.11
HG02082,1,0,0,0,0,173.31
HG02084,0,1,1,0,1,172.39
HG02081,0,1,1,0,0,177.95
HG02140,0,0,0,0,0,172.33
HG02088,0,0,0,0,0,174.77
HG02113,0,0,0,0,1,176.51
HG02141,0,0,0,1,0,162.02
HG02024,0,0,0,0,0,183.57
NA19443,1,1,2,1,0,192.03
NA19462,0,1,1,0,1,178.47
NA19429,2,1,1,0,1,179.14
NA19438,0,1,2,1,0,160.01
NA19437,1,1,2,1,0,174.15
NA19313,1,0,0,1,1,177.03
NA19440,1,2,2,1,1,183.74
NA19439,1,1,1,1,0,184.06
NA19436,1,2,2,1,0,173.12
NA19467,0,1,1,1,0,191.69
NA19311,2,1,1,1,1,173.68
NA19451,0,0,0,0,1,174.79
NA19463,0,1,2,0,0,179.96
NA19457,0,1,1,1,1,185.98
NA19445,2,1,0,1,1,182.86
NA19435,0,1,1,1,0,170.96
NA19466,0,1,2,1,2,175.85
NA19452,0,1,2,0,1,178.42
NA19446,0,1,1,0,0,185.9
NA19448,1,2,2,0,0,163.31
NA19449,1,2,2,2,1,166.81
NA19455,0,1,1,1,1,173.12
NA19355,0,1,1,1,1,167.42
NA19360,0,1,2,0,1,179.8
NA19372,0,1,1,0,1,184.52
NA19375,0,2,1,0,0,167.84
NA19376,1,2,2,1,1,188.41
NA19377,1,2,2,0,0,160.56
NA19379,1,1,1,0,0,181.48
NA19383,2,1,2,1,1,181.61
NA19384,2,1,2,0,1,181.48
NA19385,1,0,1,0,2,184.32
NA19390,2,1,1,0,0,178.72
NA19391,0,2,2,2,1,165.12
NA19393,0,1,2,1,0,185.37
NA19394,0,1,2,1,2,160.31
NA19395,0,2,2,0,0,168.95
NA19397,1,1,2,2,1,182.04
NA19399,1,1,2,0,0,169.98
NA19401,1,2,2,0,0,161.49
NA19404,0,0,0,0,0,171.91
NA19428,1,2,1,0,1,176.38
NA19434,1,1,2,1,0,191.41
NA19456,0,1,1,0,1,173.44
NA19461,0,1,2,1,0,177.08
NA19312,1,2,2,0,0,168.52
NA19374,0,0,0,0,2,184.94
NA19380,0,1,1,2,1,176.33
NA19403,1,0,0,0,1,168.16
NA19468,1,1,1,0,1,181.7
NA19431,1,2,1,0,1,172.71
NA19430,1,2,2,0,0,175.06
NA19351,0,2,2,1,1,183.45
NA19320,0,1,2,1,1,180.45
NA19475,1,2,2,2,0,179.72
NA19025,0,1,1,0,1,175.07
NA19037,1,2,2,1,0,163.39
NA19042,1,2,2,2,0,180.96
NA19350,2,2,2,1,1,166.64
NA19473,1,2,2,0,2,177.72
NA19472,0,1,2,0,1,171.81
NA19474,1,1,1,1,0,179.84
NA19347,0,2,1,1,1,175.05
NA19471,0,2,2,1,2,182.3
NA19332,1,0,1,1,0,164.16
NA19338,1,0,0,2,0,174.82
NA19346,0,1,2,1,2,171.89
NA19334,0,1,1,1,1,182.2
NA19315,1,1,2,0,0,172.71
NA19316,1,2,2,0,0,170.81
NA19331,0,1,1,2,0,174.58
NA19317,1,1,1,2,2,189.89
NA19318,1,0,0,1,1,187.48
NA19319,0,0,1,2,0,191.61
NA19328,1,1,1,1,1,182.11
NA19321,1,1,1,0,0,187.87
NA19327,1,0,0,0,1,182.62
NA19324,0,1,1,0,1,174.99
NA19024,1,2,1,1,2,166.95
NA19023,0,0,2,2,0,188.75
NA19019,0,0,2,0,0,182.83
NA19017,1,1,2,2,0,174.16
NA19043,0,0,2,0,0,179.33
NA19030,0,0,1,1,0,179.74
NA19026,1,1,1,1,1,182.06
NA19027,1,0,0,2,1,174.63
NA19038,1,1,1,2,0,178.87
NA19307,0,2,1,1,0,184.97
NA19028,0,0,0,1,1,172.27
NA19035,0,2,2,0,1,171.66
NA19041,1,2,1,1,0,167.37
NA19309,0,2,1,1,1,177.01
NA19308,1,1,1,1,2,183.52
NA19314,0,0,1,1,0,176.29
NA19310,0,1,1,2,0,175.59
NA19036,1,0,2,1,0,183.83
NA19031,2,1,1,2,1,178.19
NA19020,0,0,1,1,0,167.38
NA19454,0,0,0,1,1,193.36
NA19323,1,1,0,0,1,170.3
NA19378,1,2,2,1,0,162.33
HG03470,1,2,2,0,2,172.85
HG03473,1,0,1,2,1,176.14
HG03571,1,1,1,0,0,165.6
HG03081,1,2,2,0,0,172.58
HG03088,1,0,2,2,0,187.34
HG03209,0,2,2,0,0,170.96
HG03212,2,0,2,1,1,181.63
HG03055,1,0,0,0,0,182.16
HG03376,0,0,2,1,0,173.19
HG03380,0,2,2,1,0,166.94
HG03385,2,1,0,0,0,175.12
HG03388,1,1,1,0,2,181.47
HG03401,0,2,2,1,0,175.35
HG03419,0,1,1,1,1,178.81
HG03061,1,2,2,0,1,167.14
HG03428,0,1,1,1,0,188.5
HG03433,1,0,2,0,1,173.04
HG03439,0,2,1,1,1,167.12
HG03442,0,0,2,2,1,177.9
HG03445,1,1,2,0,0,188.42
HG03446,1,0,1,0,0,163.53
HG03461,1,0,1,1,1,178.51
HG03478,2,1,2,2,1,164.86
HG03479,1,2,2,1,1,173.2
HG03410,0,0,0,0,0,183.21
HG03449,0,1,1,1,1,173.82
HG03458,1,1,2,1,0,174.76
HG03476,2,1,1,1,0,168.45
HG03484,0,1,1,1,1,189.7
HG03485,0,1,2,1,1,172.6
HG03455,2,1,2,0,0,171.88
HG03563,0,1,1,0,1,191.59
HG03575,1,1,2,1,1,189.27
HG03577,1,1,2,0,1,189.95
HG03578,0,2,2,0,0,174.6
HG03583,1,2,2,0,1,172.56
HG03066,2,1,1,1,1,174.94
HG03069,2,1,1,0,0,166.39
HG03072,0,0,1,1,1,178.32
HG03436,1,0,1,1,2,176.29
HG03437,1,0,1,1,0,179.75
HG03572,1,1,0,1,2,181.98
HG03547,0,0,0,1,0,183.27
HG03548,0,1,1,1,1,172.53
HG03460,0,1,1,2,1,169.52
HG03556,1,1,1,1,0,160.6
HG03557,2,1,1,1,0,171.04
HG03391,2,1,1,0,1,175.71
HG03559,2,0,1,1,1,183.32
HG03565,2,1,1,0,0,180.47
HG03054,0,2,2,1,0,172.52
HG03060,1,1,2,1,1,184.79
HG03063,0,1,1,0,0,187.67
HG03064,1,0,2,0,0,169.84
HG03073,1,1,2,1,1,171.15
HG03074,1,2,2,1,1,165.92
HG03077,0,0,2,1,0,178.58
HG03079,2,1,2,1,0,161.58
HG03082,0,0,1,0,0,180.09
HG03086,2,2,2,0,2,181.28
HG03091,1,2,2,1,2,179.49
HG03095,1,2,1,1,0,174.31
HG03224,1,1,1,1,1,170.37
HG03225,0,1,1,2,0,177.84
HG03378,0,1,2,2,1,182.18
HG03382,0,1,1,2,1,183.07
HG03464,0,1,2,1,0,177.15
HG03452,0,1,2,0,1,175.49
HG03084,2,0,1,2,0,174.78
HG03085,0,0,0,1,0,186.99
HG03078,1,1,2,2,0,191.19
HG03057,0,2,1,0,0,173.18
HG03058,2,1,0,2,1,173.87
HG03472,0,0,1,2,0,179.43
HG03052,1,1,1,1,2,178.37
HG03097,0,1,2,1,1,184.72
HG03397,1,1,1,0,0,180.53
HG03469,0,0,0,1,0,174.99
HG03096,1,1,1,1,1,176.42
HG03451,1,2,2,1,0,170.16
HG03567,0,1,1,0,1,185.3
HG03558,0,2,2,0,0,166.68
HG03394,1,0,1,2,0,172.78
HG03457,1,2,1,0,1,171.34
HG03432,0,2,2,1,1,175.05
NA19764,0,0,0,0,1,166.41
NA19725,0,0,0,1,2,181.53
NA19723,0,0,0,1,1,183.82
NA19722,0,0,0,1,1,169.36
NA19726,0,0,0,0,0,181.85
NA19660,0,0,0,0,1,186.89
NA19684,0,0,0,0,0,165.66
NA19661,0,0,0,0,1,178.81
NA19720,0,0,0,1,1,183.98
NA19678,0,0,0,0,2,179.2
NA19685,0,0,0,0,2,178.95
NA19655,1,0,0,0,0,175.06
NA19654,0,1,1,0,2,185.95
NA19651,0,0,0,1,1,171.81
NA19648,0,0,0,1,2,172.61
NA19652,0,0,0,0,1,183.25
NA19675,0,0,0,0,1,174.4
NA19676,0,0,0,1,1,172.91
NA19679,0,0,0,1,1,174.83
NA19716,0,0,0,1,1,173.88
NA19717,0,0,0,0,0,182.55
NA19719,0,0,0,1,1,163.09
NA19681,0,0,0,2,2,189.82
NA19682,0,0,0,1,1,163.07
NA19777,0,0,0,1,0,169.75
NA19779,0,0,0,1,0,176.4
NA19780,0,1,1,0,1,175.81
NA19782,0,0,0,1,1,174.35
NA19783,1,1,1,0,1,164.89
NA19788,0,0,0,1,1,182.47
NA19789,0,0,0,1,1,183.16
NA19776,0,0,0,0,0,168.32
NA19758,0,0,0,0,1,161.36
NA19747,0,1,1,0,0,178.18
NA19732,0,0,0,1,0,171.09
NA19731,0,0,0,1,1,185.23
NA19746,0,0,0,1,2,167.49
NA19750,0,0,0,1,0,177.03
NA19762,0,0,0,1,0,179.3
NA19755,0,0,0,0,2,175.9
NA19728,0,0,0,0,1,177.66
NA19770,0,0,0,1,1,182.64
NA19771,0,0,0,1,1,173.72
NA19761,0,0,0,1,1,187.6
NA19759,0,0,0,1,1,182.05
NA19729,0,1,1,1,1,184.27
NA19786,0,0,0,1,1,173.32
NA19785,0,0,0,1,0,168.74
NA19773,0,0,0,0,0,169.36
NA19756,0,0,0,0,0,190.24
NA19749,0,0,0,2,0,183.61
NA19774,0,0,0,1,0,161.18
NA19663,0,0,0,0,1,181.66
NA19657,0,0,0,0,1,168.28
NA19664,0,1,1,1,0,162.45
NA19658,1,0,0,0,1,170.48
NA19670,0,0,0,1,2,168.44
NA19669,0,0,0,1,1,185.46
NA19649,0,0,0,1,0,184.66
NA19792,0,0,0,0,0,180.31
NA19795,0,0,0,0,1,171.27
NA19734,0,0,0,0,0,191.9
NA19740,0,0,0,0,0,170.38
NA19735,0,0,0,1,0,191.08
NA19741,1,0,0,2,0,165.38
NA19752,0,0,0,0,1,177.63
NA19794,0,0,0,1,0,175.29
HG01892,0,0,0,0,0,176.08
HG01893,0,0,0,1,0,180.53
HG01917,0,0,0,2,0,183.78
HG01918,0,0,0,0,0,185.37
HG01920,0,0,0,0,0,179.41
HG01921,0,0,0,1,0,182.26
HG01982,0,0,0,2,0,163.74
HG01983,0,0,0,0,0,184.99
HG02146,1,0,0,0,0,181.36
HG02147,0,0,0,1,0,185.3
HG01577,0,0,0,0,1,184.05
HG01578,0,0,0,0,1,173.97
HG01923,0,0,0,0,0,185.27
HG01924,0,0,0,1,0,173.61
HG02259,0,0,0,0,0,168.87
HG02260,0,0,0,0,0,189.11
HG02271,0,0,0,0,0,185.04
HG01565,1,0,0,0,0,177.78
HG01566,1,0,0,0,0,168.82
HG01571,0,0,0,1,1,166.02
HG01572,0,0,0,0,0,182.86
HG01979,0,0,0,0,0,180.22
HG01980,0,0,0,1,2,174.75
HG01991,0,0,0,0,0,171.4
HG01992,0,0,0,1,0,184.37
HG02274,1,0,0,2,1,171.48
HG02275,0,0,0,0,0,175.1
HG01961,0,0,0,0,0,162.18
HG01965,0,0,0,0,1,174.9
HG02265,0,0,0,0,0,171.86
HG02266,0,1,1,0,0,177.42
HG02252,0,0,0,1,0,166.54
HG02253,0,0,0,1,1,170.87
HG01997,0,0,0,0,0,185.81
HG02008,0,0,0,1,1,175.98
HG02006,0,2,2,1,1,172.65
HG02102,0,0,0,0,0,186.86
HG02150,0,0,0,1,0,170.25
HG02262,0,0,0,1,1,171.13
HG02304,0,0,1,1,1,168.44
HG02312,0,0,0,0,1,169.8
HG02348,0,0,0,1,1,172.27
HG02425,1,0,0,1,0,173.64
HG01950,0,0,0,0,1,184.95
HG01945,0,0,0,0,1,169.99
HG01942,0,0,0,0,1,180.97
HG01927,0,0,0,0,0,180.89
HG01935,0,0,0,0,1,175.2
HG01939,0,0,0,0,0,184.87
HG01932,0,0,0,2,0,180.59
HG01944,0,0,0,0,0,156.35
HG01948,0,0,0,0,1,179.07
HG01926,0,0,0,0,0,172.63
HG01941,1,0,0,0,1,182.97
HG01936,0,0,0,0,0,186.63
HG01933,0,0,0,0,1,173.53
HG01938,0,0,0,1,0,192.48
HG01951,0,1,1,0,0,179.46
HG01947,0,0,0,0,1,173.91
HG02292,0,0,0,0,1,167.87
HG02298,0,0,0,0,1,188.69
HG01954,0,0,0,0,0,176.83
HG01970,0,0,0,0,1,174.43
HG01971,0,0,1,0,1,185.92
HG01977,0,0,0,0,0,191.24
HG01976,0,0,0,1,1,180.22
HG01973,0,0,0,1,2,173.49
HG01967,0,0,0,1,0,170.57
HG01974,0,0,0,1,1,171.03
HG01953,0,0,0,1,1,178.11
HG01968,0,0,0,0,1,189.46
HG02291,0,0,0,0,0,169.02
HG02299,0,0,0,0,0,175.72
HG02277,0,0,0,0,0,172.34
HG02278,0,0,0,0,0,175.2
HG02090,0,0,0,0,1,186.76
HG02104,0,0,0,0,2,171.96
HG02003,0,0,0,2,0,178.12
HG02285,0,0,0,0,0,179.7
HG02286,0,0,0,1,0,178.58
HG02301,0,0,0,0,0,175.02
HG02272,0,0,0,1,0,180.65
HG02002,0,0,0,0,0,182.94
HG02089,0,0,0,1,0,174.27
HG02105,0,0,0,2,0,173.11
HG02345,0,0,0,1,0,176.02
HG03234,1,0,0,0,0,168.77
HG03235,0,0,0,0,1,186.02
HG03488,0,1,1,0,0,189.12
HG03490,0,1,1,0,0,165.73
HG03491,0,0,0,0,1,182.68
HG02493,0,0,0,1,1,186.73
HG02494,1,0,0,0,1,169.54
HG02648,0,0,0,1,1,197.45
HG02649,0,0,0,0,1,166.32
HG02651,0,0,0,0,0,172.72
HG02652,0,0,0,1,0,171.4
HG02681,0,0,0,1,1,170.97
HG02682,0,0,0,0,1,180.24
HG02690,0,0,0,0,1,184.57
HG02691,0,0,0,0,1,186.51
HG02699,0,0,0,1,1,186.14
HG02700,0,0,0,0,0,171.99
HG02736,0,0,0,1,0,184.45
HG02737,0,0,0,0,0,171.03
HG02774,0,1,1,1,0,167.58
HG02775,0,1,1,0,0,164.71
HG02792,0,1,1,1,0,183.99
HG02793,0,0,0,0,2,175.05
HG03015,0,1,1,0,1,186.21
HG03016,1,0,0,1,1,173.7
HG03228,0,0,0,2,0,171.67
HG03229,0,1,1,0,0,180.25
HG03237,0,1,1,1,0,185.14
HG03238,0,0,0,0,0,177.87
HG03619,0,0,0,0,0,166.25
HG03634,0,0,0,0,0,188.31
HG03667,0,0,0,0,1,163.81
HG03668,0,0,0,0,1,179.78
HG03702,0,0,0,1,1,171.16
HG03703,0,0,0,0,0,187.36
HG03708,0,1,1,1,2,182.11
HG03709,0,0,0,0,0,182.92
HG03629,0,0,0,1,1,170.59
HG03631,0,0,0,1,0,183.62
HG03660,0,1,1,0,0,178.56
HG03663,0,0,0,2,0,184.14
HG02654,0,0,0,0,0,173.45
HG02696,0,1,1,1,1,174.21
HG02697,0,0,0,0,2,182.34
HG02783,0,0,0,0,2,183.73
HG02786,0,0,0,1,0,167.7
HG02661,0,0,0,0,0,167.74
HG02655,0,0,0,0,0,175.43
HG02603,0,0,0,1,0,170.55
HG02688,0,0,0,0,1,174.11
HG02725,0,1,1,0,0,177.96
HG02790,0,0,0,0,0,167.65
HG02491,0,0,0,1,1,167.59
HG02727,0,0,0,0,0,164.29
HG02724,0,0,0,1,1,173.76
HG02784,0,0,0,0,2,182.79
HG02787,0,2,2,2,1,179.92
HG02658,0,0,0,0,1,170.12
HG02733,0,0,0,0,1,185.46
HG02734,0,0,0,0,0,175.0
HG02604,0,0,0,1,0,175.36
HG02660,0,0,0,0,1,183.17
HG02685,0,0,0,0,2,184.28
HG02657,0,0,0,1,0,175.24
HG02684,0,1,1,0,0,180.92
HG02687,0,0,0,1,1,170.11
HG02601,0,0,0,0,1,184.15
HG02600,0,0,0,0,0,172.77
HG02728,0,0,0,2,0,179.51
HG02789,0,1,1,0,1,174.04
HG02490,0,0,0,0,0,168.37
HG03022,0,0,0,1,0,177.53
HG01586,0,0,0,0,0,189.51
HG03019,0,1,1,2,0,176.07
HG03636,0,0,0,0,0,171.22
HG03765,0,0,0,1,0,161.12
HG03653,0,1,1,0,1,172.06
HG03018,0,1,1,0,1,178.75
HG01589,0,0,0,1,0,183.97
HG03706,0,1,1,0,0,178.39
HG03640,0,1,1,0,0,174.48
HG03625,0,0,0,0,1,182.58
HG03762,0,0,0,0,0,181.78
HG03021,0,0,0,1,0,175.14
HG03767,0,0,0,0,0,178.24
HG02694,1,0,0,0,0,171.57
HG03652,0,0,0,0,0,183.88
HG02780,0,0,0,1,1,189.11
HG03649,0,0,0,0,0,181.08
HG02597,0,0,0,1,1,183.33
HG03624,0,0,0,0,1,186.24
HG02731,1,1,1,2,0,181.11
HG03705,0,0,0,0,0,180.17
HG01593,0,0,0,1,0,179.96
HG02778,0,1,1,2,0,188.61
HG01583,0,0,0,2,1,177.23
HG00553,0,0,0,2,1,170.5
HG00637,0,0,0,1,1,169.49
HG00638,0,0,0,1,1,176.9
HG00554,0,0,0,0,0,170.32
HG00640,0,0,0,0,0,183.21
HG01051,0,0,1,1,0,174.52
HG01052,1,0,0,1,2,182.81
HG01060,0,0,0,0,1,183.5
HG01061,0,0,0,0,1,183.59
HG01069,0,0,1,0,1,172.65
HG01070,0,0,0,0,1,181.54
HG01072,0,0,0,1,1,185.17
HG01073,0,0,0,0,0,186.52
HG01082,0,0,1,1,1,168.62
HG01083,0,0,0,0,0,170.5
HG01107,0,0,0,0,1,172.41
HG01108,2,0,1,2,1,195.96
HG01170,1,0,0,1,1,185.46
HG01171,0,0,0,0,0,178.64
HG01173,0,0,0,0,0,178.94
HG01174,0,0,0,0,0,188.94
HG01085,0,0,0,1,1,188.29
HG01086,0,0,0,1,0,177.75
HG01104,0,0,0,1,0,176.61
HG01105,0,0,0,0,2,170.93
HG01088,0,0,0,1,0,166.82
HG01089,0,0,0,1,1,181.04
HG01302,0,0,0,0,2,181.05
HG01311,0,0,0,1,0,173.48
HG01312,0,1,0,1,0,169.57
HG01323,0,0,0,1,0,178.45
HG01325,0,0,1,0,1,177.72
HG01326,0,0,0,1,0,189.56
HG01303,0,0,0,1,1,173.86
HG01392,0,0,0,2,1,169.69
HG01393,0,0,0,2,0,180.96
HG01395,0,0,0,0,0,180.77
HG01396,1,1,1,0,0,172.79
HG01402,0,1,1,0,2,178.91
HG01403,0,0,0,0,0,173.7
HG01405,0,0,0,1,0,185.56
HG01412,1,0,0,1,1,190.43
HG01413,0,0,1,1,0,158.0
HG01414,0,0,0,1,1,169.36
HG01098,0,0,0,0,0,177.21
HG01097,1,0,0,0,1,195.44
HG01176,1,0,0,1,1,174.36
HG01075,0,1,1,0,0,174.13
HG01102,0,0,0,1,1,175.49
HG01187,0,1,2,2,0,182.03
HG01101,1,0,0,1,0,177.74
HG01182,0,0,0,0,0,171.9
HG01167,0,0,0,1,1,183.57
HG01183,0,0,0,2,0,171.78
HG01168,0,0,0,0,0,185.17
HG01190,0,0,0,0,1,183.52
HG01198,0,0,0,0,1,178.49
HG01188,0,0,0,1,0,174.19
HG01191,0,0,0,1,1,171.28
HG01197,0,0,0,1,1,173.75
HG01204,0,0,0,1,1,167.32
HG00732,0,0,0,0,0,184.57
HG00734,0,0,0,1,1,161.89
HG01080,0,0,1,1,0,183.23
HG01047,1,0,0,0,0,175.82
HG01055,0,1,1,1,1,184.49
HG01066,0,0,0,1,1,175.57
HG00737,0,1,1,0,1,181.41
HG00641,0,0,1,0,0,177.9
HG00740,1,0,0,1,0,179.32
HG01079,0,1,1,1,0,172.85
HG00731,0,0,0,1,1,168.65
HG00736,0,0,0,0,1,182.8
HG01067,0,0,0,0,0,178.5
HG01049,0,0,0,1,1,181.12
HG01054,0,0,0,0,0,173.34
HG01205,0,1,2,2,0,177.28
HG01247,0,0,1,1,1,183.49
HG01242,0,1,1,0,0,184.68
HG00739,0,0,0,1,0,184.49
HG01048,0,0,0,0,1,163.61
HG01177,0,0,0,0,2,182.98
HG01095,0,0,0,0,1,166.46
HG01248,0,0,0,1,1,180.39
HG01094,0,1,1,0,0,186.88
HG00551,0,0,0,1,1,179.55
HG01241,1,2,2,1,1,167.39
HG01110,0,0,0,2,0,175.34
HG01111,0,0,0,0,0,170.86
HG00733,0,0,0,1,0,179.85
HG01398,1,0,0,1,1,171.15
HG01200,0,0,0,1,1,175.87
HG01077,0,1,0,1,0,191.41
HG01308,0,0,0,1,2,169.78
HG01063,0,0,0,0,0,183.27
HG01092,0,0,0,0,1,174.7
HG01064,0,0,0,1,0,169.82
HG01305,1,0,1,1,0,168.69
HG01286,0,0,0,1,1,167.76
HG01162,0,0,0,0,0,170.62
HG00742,0,0,0,1,2,172.77
HG01164,0,0,0,1,1,175.5
HG01058,0,0,0,0,0,181.96
HG01161,0,0,0,2,2,175.21
HG00743,0,0,0,2,2,185.92
HG03687,0,0,0,1,0,188.0
HG03689,0,1,1,1,0,183.98
HG03690,0,0,0,0,0,181.42
HG03691,0,1,1,0,0,174.83
HG03694,0,0,0,1,0,182.45
HG03695,0,0,0,1,1,181.45
HG03696,0,0,0,0,0,173.14
HG03697,0,0,0,0,0,183.49
HG03711,0,0,0,0,0,179.52
HG03736,0,0,0,0,0,180.82
HG03738,0,0,0,0,1,170.7
HG03744,0,0,0,0,1,176.13
HG03752,0,1,1,1,0,173.15
HG03753,0,1,1,0,0,170.8
HG03760,0,0,0,0,0,178.57
HG03836,0,0,0,0,0,170.32
HG03837,0,0,0,0,1,179.05
HG03846,0,1,1,1,1,179.42
HG03848,0,1,1,0,0,187.54
HG03851,0,0,0,0,1,172.64
HG03856,0,0,0,0,1,179.8
HG03895,0,1,1,1,1,171.99
HG03890,0,0,0,2,1,172.42
HG04033,0,0,0,0,2,193.36
HG03897,0,0,0,0,1,167.49
HG03947,0,0,0,0,0,189.3
HG03646,0,1,1,0,1,180.51
HG03645,0,0,0,0,1,162.69
HG03999,0,0,0,1,0,175.51
HG03672,0,0,0,0,0,193.91
HG03686,0,0,0,0,0,182.05
HG03953,0,0,0,1,0,170.99
HG03949,0,0,0,1,0,188.74
HG04035,0,0,0,1,0,183.56
HG04029,0,1,1,2,2,173.26
HG04042,0,0,0,0,1,174.94
HG04099,0,0,0,0,1,176.76
HG03850,0,1,1,0,1,166.6
HG03894,0,2,2,1,1,175.87
HG03944,0,0,0,1,1,176.51
HG03698,0,0,0,1,0,179.01
HG03733,0,1,1,1,0,188.22
HG03745,0,0,0,0,0,193.48
HG03755,0,1,1,0,1,183.85
HG03854,0,0,0,0,1,170.58
HG03857,0,0,0,1,1,191.89
HG03899,0,1,1,0,1,175.22
HG03945,0,0,0,0,1,180.17
HG03951,0,0,0,0,0,173.3
HG03955,0,0,0,1,0,192.27
HG03995,0,0,0,0,1,190.1
HG04075,0,0,0,1,1,170.96
HG04100,0,1,1,1,1,171.53
HG04210,0,0,0,0,0,191.66
HG04227,0,0,0,0,1,187.05
HG04229,0,0,0,0,0,179.63
HG04107,0,1,1,0,0,187.57
HG04106,0,0,0,1,0,171.45
HG03754,0,0,0,1,1,178.6
HG04006,0,1,1,0,1,186.0
HG03750,0,1,1,0,2,171.48
HG03680,0,0,0,1,1,177.21
HG03943,0,0,0,0,1,168.24
HG03684,0,1,1,0,0,170.49
HG03986,0,1,1,0,0,155.03
HG03740,0,0,0,2,0,182.71
HG03849,0,0,0,0,1,174.98
HG03673,0,1,1,0,0,185.88
HG03679,0,1,1,0,1,168.69
HG03756,0,0,0,1,0,183.27
HG03757,0,0,0,1,0,184.42
HG03642,0,0,0,1,0,188.91
HG03898,0,1,1,2,1,178.99
HG03644,0,1,1,2,0,180.1
HG03692,0,0,0,1,0,166.37
HG03948,0,0,0,1,0,170.57
HG03844,0,2,2,1,1,174.92
HG03685,0,0,0,1,1,186.92
HG03681,0,0,0,2,0,175.94
HG03896,0,1,1,1,1,178.82
HG03838,0,1,1,0,0,181.38
HG03858,0,0,0,0,1,174.36
HG03746,0,0,0,1,1,172.92
HG03950,0,0,0,1,0,167.59
HG03743,0,0,0,1,0,184.13
HG03643,0,0,0,0,0,181.79
HG03900,0,0,0,1,1,184.75
HG03693,0,0,0,0,1,181.96
HG03741,0,0,0,1,0,178.83
HG03884,0,0,0,0,2,190.2
HG03888,0,0,0,0,1,172.02
HG03886,0,0,0,1,0,178.14
HG03887,0,1,1,0,1,180.07
HG03885,0,0,0,0,0,183.54
HG04038,0,0,0,1,0,176.7
HG03998,0,1,1,2,0,173.03
HG03985,0,0,0,1,1,178.86
HG03991,0,1,1,1,0,182.81
HG03989,0,1,1,1,1,186.25
HG04003,0,0,0,1,0,182.28
HG04047,0,0,0,0,2,174.9
HG04039,0,0,0,0,0,176.93
HG03990,0,0,0,0,0,183.89
NA20505,0,0,0,0,0,179.1
NA20516,0,0,0,0,0,171.75
NA20786,0,0,0,0,0,188.66
NA20787,0,0,0,1,0,183.74
NA20517,0,0,0,0,1,174.03
NA20522,0,1,1,1,1,184.53
NA20524,1,0,0,2,2,179.44
NA20525,0,0,0,0,1,172.51
NA20760,0,1,1,1,0,170.57
NA20759,0,0,0,0,1,181.17
NA20541,0,0,0,1,0,174.39
NA20527,0,0,0,1,1,186.9
NA20528,0,0,0,1,0,177.47
NA20775,1,0,0,0,2,182.56
NA20769,0,0,0,0,2,184.13
NA20581,0,0,0,0,2,184.66
NA20588,0,0,0,0,0,169.4
NA20795,0,0,0,1,1,187.82
NA20796,0,0,0,0,0,176.2
NA20800,1,0,0,1,0,181.28
NA20799,0,0,0,1,0,184.4
NA20797,0,0,0,2,0,181.27
NA20752,0,0,0,0,1,181.45
NA20540,0,0,0,2,0,189.27
NA20582,0,1,1,1,1,172.5
NA20801,0,0,0,0,0,166.82
NA20805,0,0,0,2,0,175.21
NA20761,0,0,0,1,0,172.83
NA20531,0,0,0,1,0,176.56
NA20802,0,0,0,0,0,172.25
NA20792,0,0,0,0,0,179.3
NA20758,1,0,0,0,0,180.66
NA20757,0,0,0,2,1,184.95
NA20530,0,0,0,0,0,171.44
NA20806,1,0,0,1,0,177.47
NA20810,1,0,0,2,0,176.04
NA20807,0,0,0,0,1,175.42
NA20809,0,0,0,1,1,170.81
NA20542,0,0,0,1,0,180.39
NA20543,0,0,0,0,0,175.21
NA20783,0,0,0,1,0,175.69
NA20515,0,0,0,1,2,166.66
NA20520,0,0,0,0,1,182.04
NA20755,1,0,0,0,0,183.23
NA20539,0,0,0,1,1,180.61
NA20765,1,0,0,0,0,178.62
NA20544,1,0,0,0,0,183.87
NA20585,0,0,0,2,0,171.46
NA20532,0,0,0,0,0,177.05
NA20818,0,0,0,0,0,178.62
NA20508,0,0,0,1,1,187.4
NA20754,0,0,0,1,0,168.62
NA20753,0,0,0,0,2,159.58
NA20533,0,0,0,0,0,178.75
NA20502,0,1,1,0,0,175.53
NA20803,0,0,0,0,1,180.13
NA20512,0,0,0,0,1,174.27
NA20772,0,0,0,1,2,178.78
NA20589,1,0,0,0,1,162.81
NA20535,0,0,0,1,0,181.1
NA20509,0,0,0,1,0,168.93
NA20774,0,0,0,1,1,173.56
NA20518,0,1,1,0,0,167.29
NA20778,1,0,0,0,0,171.08
NA20538,0,0,0,1,1,167.82
NA20510,0,0,0,0,1,174.63
NA20790,0,0,0,1,1,192.72
NA20798,0,0,0,0,0,184.26
NA20529,0,0,0,1,0,172.05
NA20506,0,0,0,0,0,171.25
NA20768,0,0,0,0,0,181.75
NA20766,0,0,0,2,0,180.68
NA20534,0,1,1,1,1,170.51
NA20819,0,0,0,0,1,190.54
NA20586,0,0,0,1,0,176.06
NA20756,1,0,0,0,0,175.98
NA20507,0,0,0,0,0,163.76
NA20503,0,0,0,2,0,176.78
NA20513,0,0,0,0,1,159.46
NA20514,0,0,0,2,1,180.89
NA20504,0,0,0,1,1,177.04
NA20519,0,0,0,0,1,179.16
NA20521,0,0,0,1,1,169.38
NA20526,0,0,0,1,0,180.41
NA20536,0,0,0,2,0,178.67
NA20770,0,0,0,0,0,178.84
NA20771,0,0,0,0,2,173.24
NA20773,1,0,0,0,0,198.01
NA20785,0,0,0,1,0,183.53
NA20804,0,0,0,0,0,172.78
NA20808,0,0,0,2,2,179.6
NA20811,0,0,0,0,1,179.78
NA20812,1,0,0,0,0,172.82
NA20813,0,0,0,1,0,185.66
NA20814,0,1,1,0,1,188.08
NA20815,0,0,0,0,0,172.88
NA20826,0,0,0,2,0,168.78
NA20828,0,0,0,1,1,175.55
NA20511,0,0,0,1,0,175.49
NA20762,0,0,0,1,0,175.97
NA20763,0,0,0,2,1,182.88
NA20764,1,0,0,0,0,190.24
NA20767,0,0,0,0,0,175.94
NA20821,0,0,0,1,0,165.57
NA20822,0,0,0,0,1,171.11
NA20587,0,0,0,2,2,177.56
NA20827,0,1,1,1,0,186.34
NA20832,0,0,0,1,1,167.35
NA19189,0,1,1,1,2,182.83
NA18507,0,2,2,0,0,173.13
NA18523,2,2,2,0,2,170.83
NA18511,1,2,2,1,2,169.62
NA18907,0,1,1,1,0,186.65
NA19107,1,0,2,0,0,187.43
NA19108,0,1,2,1,1,190.48
NA19190,0,1,2,1,0,184.15
NA19256,1,1,2,1,1,178.24
NA18517,0,0,2,1,0,169.72
NA18858,1,0,2,1,0,181.16
NA18861,0,1,1,0,2,173.71
NA18909,1,1,2,1,0,182.07
NA18916,0,0,2,1,1,177.51
NA19114,0,0,1,1,1,171.71
NA19129,1,1,1,1,1,184.78
NA19147,2,1,0,1,0,179.14
NA19225,0,1,2,1,1,171.19
NA19257,0,2,2,0,1,183.27
NA19093,1,2,1,1,0,177.21
NA19137,1,1,1,1,1,174.6
NA19138,1,2,2,0,1,178.73
NA19175,1,1,2,1,0,182.61
NA19222,1,1,1,2,1,186.9
NA19210,1,1,2,0,1,182.62
NA18501,0,0,0,1,1,179.26
NA18870,0,2,2,0,1,169.03
NA18502,0,1,1,1,0,165.8
NA18505,1,1,1,0,1,166.11
NA18508,0,1,2,1,0,183.24
NA19099,2,1,1,1,0,171.66
NA18864,0,0,1,0,0,185.31
NA18865,0,1,1,1,0,175.89
NA18876,1,1,2,1,0,170.89
NA18877,2,0,2,1,1,178.21
NA18878,1,1,1,0,0,179.16
NA18879,2,0,1,0,1,177.13
NA18881,0,0,1,0,1,179.34
NA18915,2,1,1,0,1,158.14
NA18520,1,1,2,1,1,184.71
NA19172,1,1,2,0,2,175.57
NA18522,0,1,1,1,0,175.47
NA18516,1,2,2,2,2,169.11
NA18504,0,2,1,0,1,174.77
NA18498,1,2,2,1,1,174.86
NA18871,1,2,2,0,2,161.74
NA18486,0,0,1,1,0,176.99
NA18853,1,0,1,0,1,195.6
NA18912,0,1,2,0,2,184.24
NA19116,2,1,2,0,0,164.45
NA18868,1,1,2,1,0,175.69
NA19213,1,0,1,1,2,184.17
NA18867,1,1,1,1,1,175.3
NA18874,2,1,2,1,0,170.87
NA18873,1,1,1,0,0,169.22
NA18489,1,0,1,1,0,172.29
NA18519,0,2,2,1,1,168.45
NA19236,1,1,2,1,1,186.02
NA18499,0,0,1,0,2,186.4
NA19247,2,2,2,0,1,163.93
NA19248,2,2,2,0,1,156.54
NA18908,0,2,1,0,0,173.94
NA19235,0,2,2,1,1,171.37
NA18910,1,2,2,2,1,175.2
NA19130,2,1,1,0,0,175.82
NA19102,1,2,1,2,0,182.97
NA18856,0,1,2,1,0,175.61
NA18510,1,2,2,1,0,181.13
NA18933,1,0,1,1,2,175.55
NA18924,1,1,1,0,0,175.45
NA18923,0,2,1,1,2,176.16
NA19223,0,1,2,1,0,193.02
NA18934,2,1,2,1,1,184.35
NA19198,0,1,2,0,2,189.62
NA18917,0,0,2,1,2,170.13
NA19197,0,2,2,0,1,185.08
NA19159,0,2,1,0,0,166.46
NA19206,1,1,1,0,1,181.16
NA19131,0,2,2,0,0,169.69
NA19153,1,1,2,0,2,176.37
NA19152,1,1,1,0,1,168.5
NA19238,0,0,2,2,2,172.48
NA19144,1,1,1,0,0,178.59
NA19200,0,2,1,2,1,168.85
NA19141,2,1,2,2,1,190.75
NA19201,1,1,1,1,1,164.03
NA19143,1,1,1,0,1,175.51
NA19098,0,1,2,1,1,168.04
NA19119,0,1,2,1,0,160.93
NA19160,0,0,1,1,0,180.52
NA19209,0,0,2,0,1,175.83
NA19171,1,1,2,1,1,185.18
NA19204,0,1,2,0,2,178.29
NA19207,0,0,2,0,1,186.91
NA19092,1,1,2,0,1,168.84
NA18488,0,1,1,0,0,173.31
NA19121,1,0,1,0,2,169.72
NA19113,1,0,1,2,0,182.4
NA19149,1,1,2,0,1,183.3
NA19184,1,2,2,0,1,188.24
NA19185,1,1,1,0,1,174.28
NA19095,0,2,2,1,1,182.43
NA19096,1,1,1,2,1,179.26
NA19214,0,0,1,1,1,171.27
NA19146,1,1,2,0,1,181.09
NA19117,1,2,2,2,1,161.29
NA19118,1,1,1,0,0,164.86
NA19240,0,0,2,1,2,170.04
NA19239,0,0,1,0,1,176.87
